Target	Source	Weight	Total	Type	max
AT9110124879	APPLE INC.	100.0	100.0	Directed	100.0
BE0836157420	APPLE INC.	100.0	50.01	Directed	50.01
CA*190521552098	APPLE INC.	100.0	100.0	Directed	100.0
CA149093809L	APPLE INC.	100.0	0.0	Directed	50.01
CA176752383L	APPLE INC.	100.0	0.0	Directed	50.01
CA176752389L	APPLE INC.	100.0	0.0	Directed	50.01
CA199272147L	APPLE INC.	100.0	0.0	Directed	50.01
CA201190758L	APPLE INC.	100.0	0.0	Directed	50.01
CA220041467L	APPLE INC.	100.0	0.0	Directed	50.01
CA222487430L	APPLE INC.	100.0	0.0	Directed	50.01
CA275241152L	APPLE INC.	100.0	100.0	Directed	100.0
CHCHE105920339	IE076927	100.0	100.0	Directed	100.0
CHCHE235633520	APPLE INC.	100.0	100.0	Directed	100.0
CN9364513877	IE076941	100.0	100.0	Directed	100.0
CZ28897501	APPLE INC.	100.0	100.0	Directed	100.0
DE6070587865	IE379311	100.0	100.0	Directed	100.0
DE8170000135	APPLE INC.	100.0	100.0	Directed	100.0
DE8330151266	US132948910L	100.0	100.0	Directed	100.0
ESA58022724	APPLE INC.	100.0	100.0	Directed	100.0
ESB65130643	IE379311	100.0	100.0	Directed	100.0
FI*Z00247568	APPLE INC.	100.0	100.0	Directed	100.0
FI20653375	APPLE INC.	100.0	100.0	Directed	100.0
FR322120916	APPLE INC.	100.0	0.0	Directed	99.75
FR483209383	APPLE INC.	100.0	0.0	Directed	50.01
FR812620433	APPLE INC.	100.0	100.0	Directed	100.0
GB*Z00020665	APPLE INC.	100.0	100.0	Directed	100.0
GB*Z00076298	APPLE INC.	100.0	100.0	Directed	100.0
GB01591116	IE076941	100.0	100.0	Directed	100.0
GB03555357	GB08125916	100.0	0.0	Directed	99.99
GB05051046	IE076927	100.0	100.0	Directed	100.0
GB08125916	US*B000102230	100.0	100.0	Directed	100.0
HK0001415481	IE076941	100.0	100.0	Directed	100.0
IE076927	APPLE INC.	100.0	100.0	Directed	100.0
IE076941	APPLE INC.	100.0	99.99	Directed	99.99
IE086705	IE076941	100.0	0.0	Directed	99.98
IE157192	APPLE INC.	33.33555570371358	100.0	Directed	100.0
IE157192	IE076941	66.66444429628642	0.0	Directed	99.99
IE379311	US*B000003712	100.0	99.0	Directed	99.0
IL*Z00255655	APPLE INC.	100.0	100.0	Directed	100.0
IL51-448-9595	APPLE INC.	100.0	100.0	Directed	100.0
IL64-930-2668	APPLE INC.	100.0	100.0	Directed	100.0
IN0013095033	APPLE INC.	100.0	100.0	Directed	100.0
IT04935230963	IE379311	100.0	100.0	Directed	100.0
IT12036460157	APPLE INC.	100.0	0.0	Directed	95.0
NL08058671	IE086705	100.0	100.0	Directed	100.0
NL30063224	NL08058671	100.0	100.0	Directed	100.0
NL34236124	IE379311	100.0	100.0	Directed	100.0
NZ9429033237756	APPLE INC.	100.0	100.0	Directed	100.0
PL140717494	APPLE INC.	100.0	100.0	Directed	100.0
PT508141966	APPLE INC.	100.0	100.0	Directed	100.0
RU38250001	NL08058671	100.0	0.0	Directed	99.5
SE5562377647	APPLE INC.	100.0	100.0	Directed	100.0
SG198903166R	IE076941	100.0	100.0	Directed	100.0
US*190521478166	US*190521484642	100.0	100.0	Directed	100.0
US*190521480879	US593521332	100.0	100.0	Directed	100.0
US*190521484642	APPLE INC.	100.0	100.0	Directed	100.0
US*190521512144	APPLE INC.	100.0	100.0	Directed	100.0
US*190521524430	APPLE INC.	100.0	100.0	Directed	100.0
US*190521532337	APPLE INC.	100.0	100.0	Directed	100.0
US*190521532622	APPLE INC.	100.0	100.0	Directed	100.0
US*190521539558	APPLE INC.	100.0	100.0	Directed	100.0
US*190521552945	APPLE INC.	100.0	100.0	Directed	100.0
US*904622102	APPLE INC.	100.0	100.0	Directed	100.0
US*908419223	APPLE INC.	100.0	100.0	Directed	100.0
US*940058104	APPLE INC.	100.0	100.0	Directed	100.0
US*B000003712	APPLE INC.	100.0	50.01	Directed	50.01
US*B000089474	US241573799L	100.0	99.0	Directed	99.0
US*B000102230	APPLE INC.	100.0	99.0	Directed	99.0
US*Z00004382	APPLE INC.	100.0	100.0	Directed	100.0
US*Z00016628	APPLE INC.	100.0	100.0	Directed	100.0
US*Z00056946	APPLE INC.	100.0	100.0	Directed	100.0
US*Z00063823	APPLE INC.	100.0	100.0	Directed	100.0
US123098933L	APPLE INC.	100.0	0.0	Directed	50.01
US123244254L	US593521332	100.0	0.0	Directed	50.01
US123428526L	APPLE INC.	100.0	100.0	Directed	100.0
US129686934L	APPLE INC.	100.0	0.0	Directed	50.01
US130949551L	APPLE INC.	100.0	0.0	Directed	50.01
US131958433L	APPLE INC.	100.0	0.0	Directed	50.01
US132282960L	APPLE INC.	100.0	0.0	Directed	50.01
US132948910L	APPLE INC.	100.0	0.0	Directed	50.01
US133039617L	APPLE INC.	100.0	0.0	Directed	50.01
US133464825L	APPLE INC.	100.0	100.0	Directed	100.0
US136054315L	APPLE INC.	100.0	0.0	Directed	50.01
US139739981L	APPLE INC.	100.0	0.0	Directed	50.01
US140826021L	APPLE INC.	100.0	0.0	Directed	50.01
US140846073L	APPLE INC.	100.0	0.0	Directed	50.01
US141365635L	APPLE INC.	100.0	0.0	Directed	50.01
US141787951L	APPLE INC.	100.0	100.0	Directed	100.0
US142093247L	US132948910L	100.0	0.0	Directed	50.01
US142123394L	APPLE INC.	100.0	0.0	Directed	50.01
US142732425L	US132948910L	100.0	0.0	Directed	50.01
US142841920L	APPLE INC.	100.0	0.0	Directed	50.01
US142929232L	APPLE INC.	100.0	0.0	Directed	50.01
US143051893L	APPLE INC.	100.0	0.0	Directed	50.01
US144519670L	APPLE INC.	100.0	0.0	Directed	50.01
US145042298L	APPLE INC.	100.0	0.0	Directed	50.01
US145172333L	APPLE INC.	100.0	0.0	Directed	50.01
US145181424L	APPLE INC.	100.0	0.0	Directed	50.01
US145691418L	APPLE INC.	100.0	0.0	Directed	50.01
US146183762L	APPLE INC.	100.0	0.0	Directed	50.01
US146470611L	APPLE INC.	100.0	0.0	Directed	50.01
US146847727L	APPLE INC.	100.0	0.0	Directed	50.01
US148814391L	APPLE INC.	100.0	0.0	Directed	50.01
US161235468L	APPLE INC.	100.0	0.0	Directed	50.01
US161235495L	APPLE INC.	100.0	0.0	Directed	50.01
US161699025L	APPLE INC.	100.0	0.0	Directed	50.01
US164000784L	APPLE INC.	100.0	0.0	Directed	50.01
US164130903L	APPLE INC.	100.0	0.0	Directed	50.01
US164145993L	APPLE INC.	100.0	0.0	Directed	50.01
US164426919L	APPLE INC.	100.0	0.0	Directed	50.01
US165156537L	APPLE INC.	100.0	0.0	Directed	50.01
US166175988L	APPLE INC.	100.0	0.0	Directed	50.01
US166190676L	APPLE INC.	100.0	0.0	Directed	50.01
US168137055L	US241573799L	100.0	0.0	Directed	50.01
US169040475L	US593521332	100.0	0.0	Directed	50.01
US173553903L	APPLE INC.	100.0	0.0	Directed	50.01
US176727498L	APPLE INC.	100.0	100.0	Directed	100.0
US185146218L	APPLE INC.	100.0	0.0	Directed	50.01
US186559026L	APPLE INC.	100.0	0.0	Directed	50.01
US186606234L	APPLE INC.	100.0	0.0	Directed	50.01
US190840557L	APPLE INC.	100.0	0.0	Directed	50.01
US200026752L	APPLE INC.	100.0	0.0	Directed	50.01
US200026764L	APPLE INC.	100.0	0.0	Directed	50.01
US202123737L	APPLE INC.	100.0	0.0	Directed	50.01
US203436462L	APPLE INC.	100.0	0.0	Directed	50.01
US203526543L	APPLE INC.	100.0	0.0	Directed	50.01
US203578254L	US133464825L	100.0	0.0	Directed	50.01
US207468606L	APPLE INC.	100.0	0.0	Directed	50.01
US208161039L	APPLE INC.	100.0	0.0	Directed	50.01
US208788558L	APPLE INC.	100.0	0.0	Directed	50.01
US224236523L	APPLE INC.	100.0	0.0	Directed	50.01
US225710912L	APPLE INC.	100.0	0.0	Directed	50.01
US226015265L	APPLE INC.	100.0	0.0	Directed	50.01
US229356728L	US253021481L	100.0	100.0	Directed	100.0
US229582505L	US593521332	100.0	100.0	Directed	100.0
US229590881L	APPLE INC.	100.0	100.0	Directed	100.0
US231429506L	APPLE INC.	100.0	0.0	Directed	50.01
US240782429L	APPLE INC.	100.0	0.0	Directed	50.01
US241317944L	US229590881L	100.0	0.0	Directed	50.01
US241467302L	APPLE INC.	100.0	100.0	Directed	100.0
US241573799L	APPLE INC.	100.0	0.0	Directed	50.01
US242197568L	US229590881L	100.0	0.0	Directed	50.01
US242825675L	US253021481L	100.0	0.0	Directed	50.01
US243663167L	APPLE INC.	100.0	100.0	Directed	100.0
US244991414L	APPLE INC.	100.0	100.0	Directed	100.0
US246625835L	APPLE INC.	100.0	100.0	Directed	100.0
US247138307L	US241573799L	100.0	0.0	Directed	50.01
US247276496L	APPLE INC.	100.0	0.0	Directed	50.01
US251379299L	US241573799L	100.0	0.0	Directed	50.01
US253021481L	APPLE INC.	100.0	0.0	Directed	50.01
US253139837L	APPLE INC.	100.0	0.0	Directed	50.01
US255620258L	US241573799L	100.0	0.0	Directed	50.01
US256148243L	APPLE INC.	100.0	100.0	Directed	100.0
US257464253L	APPLE INC.	100.0	0.0	Directed	50.01
US258721025L	US241573799L	100.0	0.0	Directed	50.01
US262594151L	APPLE INC.	100.0	100.0	Directed	100.0
US263332490L	APPLE INC.	100.0	100.0	Directed	100.0
US264758918L	APPLE INC.	100.0	0.0	Directed	50.01
US269916110L	APPLE INC.	100.0	0.0	Directed	50.01
US271644971L	US241573799L	100.0	0.0	Directed	50.01
US272594567L	APPLE INC.	100.0	0.0	Directed	50.01
US276052262L	APPLE INC.	100.0	100.0	Directed	100.0
US276155099L	US253021481L	100.0	0.0	Directed	50.01
US278569088L	APPLE INC.	100.0	0.0	Directed	50.01
US281315057L	APPLE INC.	100.0	100.0	Directed	100.0
US286747547L	APPLE INC.	100.0	0.0	Directed	50.01
US292111640L	US244991414L	100.0	0.0	Directed	50.01
US294294425L	APPLE INC.	100.0	0.0	Directed	50.01
US295580252L	APPLE INC.	100.0	0.0	Directed	50.01
US593521332	APPLE INC.	100.0	0.0	Directed	50.01
