Id	Label	Country	turnover	employees	assets	profit_before_tax	profit_after_tax
CA2-43826	AIRONET CANADA INC	US					
CA2-43827	AIRONET CANADA LTD	US					
US128515115L	ASSEMBLAGE INC	US	0	1.0			
CN2-43829	BEAUMARIS SOFTWARE RESEARCH & DEVELOPMENT (CHINA)	US					
US*929228879	BNI VIDEO	US					
FR2-43831	BROADHOP EMEA SAS	US					
GB2-43834	BROADHOP INTERNATIONAL BV (UK PERMANENT ESTABLISHMENT)	US					
US2-43839	CARIDEN FEDERAL LLC	US					
US2-43841	CARIDEN TECHNOLOGIES LLC	US					
US2-43842	CASTUP LLC	US					
RU2-44035	CISCO CAPITAL CIS LLC	US					
RU2-44036	CISCO INNOVATION CENTER LLC	US					
NL2-43867	CISCO MO BV	US					
NO2-43869	CISCO NORWAY HOLDING AS	US					
QA2-43872	CISCO OSTP-LLC	US					
US2-43875	CISCO RZ LLC	US					
YY2-43877	CISCO SERBIA DOO BEOGRAD	US					
RU2-44038	CISCO SOLUTIONS LLC	US					
CN2-43883	CISCO SYSTEMS (CHINA) INFORMATION TECHNOLOGY SERVICES LTD	US					
CA2-43914	CISCO SYSTEMS CANADA CO/LES SYSTEMES CISCO CANADA CIE	US					
YY2-43933	CISCO SYSTEMS CROATIA LTD FOR TRADE	US					
GB2-43949	CISCO SYSTEMS FINANCE INTERNATIONAL UK	US					
YY2-43961	CISCO SYSTEMS INTERNETWORKING DOO ZA MARKETING TENICKE I DRUGE USLUGE SARAJEVO	US					
IL2-43964	CISCO SYSTEMS ISAEL LTD	US					
GR094497464	CISCO SYSTEMS S.A.	US	10	35.0	5	1.0	1.0
SA0000087148	CISCO SYSTEMS SAUDI ARABIA	US					
CN9392545593	CISCO TECHNOLOGY (CHINA) CO., LTD.	US	7		16		
US2-44007	CLEAR ACCESS LLC	US					
US229377374L	CLOUPIA INC	US	0	1.0			
MU2-44013	CSI BD	US					
GB2-44016	DIVITECH A/S	US					
CA2-44018	EXTENDMEDIA ULC	US					
US262411064L	HEROIK LABS	US	0	1.0			
US2-44022	INLET TECHNOLOGIES LLC	US					
US2-44023	INTUCELL LLC	US					
US263278565L	JASPER TECHNOLOGIES INC	US	8	15.0			
US226226972L	JOULEX	US					
US247130516L	JOULEX INC	US					
IL2-44032	JUNGO LTD	US					
US2-44033	JUNGO SOFTWARE TECHNOLOGIES LLC	US					
US2-44034	LIGHTWIRE LLC	US					
US2-44042	MOTO DEVELOPMENT GROUP LLC	US					
DE8330375902	NDS GMBH	US			1		
GB2-44053	NDS HOLDINGS BV (UK)	US					
CA2-44059	NDS TECHNOLOGIES CANADA ULC	US					
US2-44060	NDS TREASURY (AMERICAS) LLC	US					
US2-44061	NDS TREASURY (JERSEY) LTD	US					
ZA2-44066	NEWSHELF 1107 (PTY) LTD	US					
US2-44067	ORATIVE CORPORATION	US					
US256293140L	PERSPICA NETWORKS INC	US					
US276175361L	PERSPICA NETWORKS	US					
US2-44077	REACTIVITY LLC	US					
US2-44078	ROHATI SYSTEMS LLC	US					
GE2-44086	SCIENTIFIC-ATLANTA LLC	US					
YY2-44089	SIA CISCO LATIVA	US					
YY2-44090	SMALL WELLS SERVICES SA	US					
US2-44092	SOLVEDIRECT SERVICE MANAGEMENT LLC	US					
US522289365	SOURCEFIRE, INC.	US	223	599.0	365	9.0	5.0
US227691461L	IMMUNET CORP	US		15.0			
US263800511L	SPRINGPATH INC	US	3	7.0			
CA2-44096	STARENT NETWORKS CANADA LTD	US					
US2-44099	SVPLA LLC	US					
US280583030L	SYNATA INC	US					
SG2-44101	TANDBERG INDIA PVT LTD	US					
US2-44105	TASKDOCK LLC	US					
US2-44107	TIDAL SOFTWARE LLC	US					
US2-44108	TIGERME LLC	US					
IN2-44110	TOPSIN COMMUNICATIONS TECHNOLOGIES INDIA PVT LTD	US					
US2-44111	TRUVISO LLC	US					
US2-44113	UBIQUISYS (USA) LLC	US					
JP2-44114	UBIQUISYS KK	US					
US2-44116	VCIDER LLC	US					
US*190521551101	VCIDER, INC.	US					
US245885894L	VIPTELA INC	US	3	7.0			
US*190521510829	VIRTUATA INC	US					
US2-44117	VIRUATA LLC	US					
US231135731L	WHIPTAIL TECHNOLOGIES	US	0	1.0			
KR1101140130051	CISCO SYSTEMS CAPITAL KOREA LTD.	US	21	5.0	191	-9.0	7.0
DK20456078	CISCO SYSTEMS DANMARK APS	US		131.0	35	3.0	2.0
IN*E00604388	SCIENTIFIC-ATLANTA INDIA TECHNOLOGY PRIVATE LIMITED BO	US					
KR1101140130069	CISCO SYSTEMS KOREA INC.	US	73	310.0	134	17.0	12.0
GB09031562	STARTUPBOOTCAMP IOT LTD	US			0		
US280901843L	ARCH ROCK CORP	US					
US161823345L	ARCH ROCK CORP	US					
US123443650L	CARIDEN TECHNOLOGIES	US					
US221362907L	CISCO CONSUMER PRODUCTS	US					
US249629888L	CISCO CONSUMER PRODUCTS	US					
US245243996L	CISCO CONSUMER PRODUCTS LLC	US					
US136881367L	CISCO LINKSYS	US					
US200014254L	CISCO SYSTEMS	US					
US224318573L	CISCO CONSUMER PRODUCTS LLC	US					
US136808318L	CISCO SYSTEMS	US					
US165476382L	CISCO SYSTEMS - BUSINESS COMMUNICATIONS	US					
US150008567L	CISCO SYSTEMS C	US					
CA149170745L	CISCO SYSTEMS CANADA CO	US					
CA132670323L	CISCO SYSTEMS INC	US					
US132999756L	CISCO SYSTEMS CAPITAL	US					
US124167496L	CISCO SYSTEMS CAPITAL CORP	US					
US137462711L	C & S CAPITAL CORP	US					
US136857701L	CISCO SYSTEMS DE MEXICO	US					
MXCSM9301219B4	CISCO SYSTEMS DE MEXICO S DE RL DE CV	US		600.0			
US137172112L	CISCO SYSTEMS FINANCIAL CORP	US					
US126309389L	CISCO SYSTEMS GPS DIVISION	US					
US127168798L	CISCO SYSTEMS INC	US					
US127494592L	CISCO SYSTEMS INC	US					
US149158786L	CISCO SYSTEMS INC	US					
US123649169L	CISCO SYSTEMS INC FOR US I	US					
US124041012L	CISCO SYSTEMS INC SC	US					
US148193814L	CISCO SYSTEMS INC-FEDERAL	US					
US144260924L	CISCO SYSTEMS LTD	US					
US149171082L	CISCO SYSTEMS PUERTO RICO CORP	US					
US228081440L	CISCO SYSTEMS/MATHEW LINDEY	US					
US124153757L	CISCO SYSTMES	US					
US245243999L	CISCO THV LLC	US					
MY366448-W	CISCO SYSTEMS (MALAYSIA) SDN BHD	US	23		16	2.0	1.0
SG199508520K	CISCO SYSTEMS (USA) PTE. LTD.	US	227		128	-8.0	-13.0
SG200408509N	TANDBERG ASIA PACIFIC PTE. LTD.	US	173		124	-3.0	
US220237289L	CLEAR ACCESS INC	US					
US190682307L	CLEAR ACCESS	US					
US279009587L	CLIQR TECHNOLOGIES	US					
US256576370L	CLIQR TECHNOLOGIES INC	US					
US124039449L	COMPOSITE SOFTWARE INC	US					
US127347813L	INLET TECHNOLOGIES	US					
US132943379L	IRONPORT SYSTEMS	US					
US123986348L	IRON PORT SYSTEMS	US					
US141510290L	IRONPORT SYSTEMS INC	US					
US208080366L	IRONPORT SYSTEMS INC	US					
US123620496L	JABBER COM INC	US					
US130230177L	LANCOPE INC	US					
US123736250L	MAINTENANCENET INC	US					
US276186059L	MAINTENANCENET	US					
US230189588L	MERAKI	US					
GB06625273	MERAKI LIMITED	US	3	1.0	3	0.0	0.0
US256841819L	MERAKI INC	US					
US264135794L	MERAKI INC	US					
US280304720L	MERAKI INC	US					
US128927696L	NAVINI NETWORKS INC	US					
US123041204L	NEWSCALE INC	US					
US250607768L	OPENDNS INC	US					
CA*Z00053900	BGPMON NETWORK SOLUTIONS INC.	US					
US184353216L	PARINETWORKS INC	US					
US187881549L	POSTPATH INC	US					
US161698128L	SCANSAFE INC	US					
US130416822L	SCIENTIFIC ATLANTA INC	US					
US149111280L	POWERTV INC	US					
US123792465L	POWER TV INC	US					
CA149200938L	SCIENTIFIC ATLANTA CANADA INC	US					
US580612397	SCIENTIFIC ATLANTA INC	US	1911	7652.0	2590	323.0	211.0
US245207672L	CISCO INDUSTRIES LLC	US					
US220721777L	CISCO INTERNATIONAL	US					
US275623061L	CISCO INDUSTRIES LLC	US					
US282383393L	SCIENTIFIC ATLAS INC	US					
US126005454L	SOURCEFIRE INC	US					
US133246477L	SOURCEFIRE	US					
CA249203222L	SOURCEFIRE CANADA LTD.	US					
US043527533	STARENT NETWORKS CORP.	US	254	774.0	528	59.0	61.0
US141372508L	TIDAL SOFTWARE	US					
US124117632L	TIDAL SOFTWARE	US					
US149154646L	TIDAL SOFTWARE INC	US					
US195444120L	TRUVISO INC	US					
US770548319	WEBEX COMMUNICATIONS INC	US	380	2189.0	516	88.0	49.0
US149772616L	WEB EX COMMUNICATIONS INC	US					
US185324475L	WEBEX	US					
US134686773L	WEBEX COMMUNICATIONS INC	US					
US145745435L	WEBEX CORP	US					
US262508264L	WEBEX COMMUNICATIONS, INC.	US					
US150238333L	WEBEXONE	US					
CA*H00089445936	3010081 NOVA SCOTIA COMPANY	US					
US*110154211130	302 DIRECT MEDIA LLC	US					
CA*H00089469712	3045848 NOVA SCOTIA COMPANY	US					
CA*H00089469688	3048504 NOVA SCOTIA COMPANY	US					
CA273930743L	3801110 CANADA INC	US					
NO912212955	ACANO AS	US	1	16.0	1	0.0	0.0
US*110154211134	ACANO FEDERAL LLC	US					
US*110154211135	ACANO LLC	US					
US124031375L	AIRESPACE INC	US	0	175.0			
IN0000400499	AIRESPACE WIRELESS NETWORKS PRIVATE LIMITED	US					
US*915102085	ARROYO VIDEO SOLUTIONS, LLC	US					
US2-43828	BEAUMARIS NETWORKS INC (AKA BNI)	US					
CN*110154211136	BEAUMARIS SOFTWARE RESEARCH & DEVELOPMENT (BEIJING) CO., LTD.	US					
CN2-43830	BEIJING NDS INFORMATION TECHNOLOGY CO LTD	US					
HK0000204975	BILLION CHAMPION INTERNATIONAL LIMITED	US		100.0			
CN*901489416	BILLION CHAMPION VIDEO TECHNOLOGY (SHANGHAI) CO LTD	US					
IN0008935431	BROADHOP INDIA PRIVATE LIMITED	US					
NL34284525	BROADHOP INTERNATIONAL B.V.	US		3.0	0		
US2-43835	BROADHOP LLC	US					
MY843847-W	BROADHOP SDN. BHD.	US	0		0	0.0	0.0
US*903187303	BROADWARE TECHNOLOGIES LLC	US					
US128046778L	CALISTA INC	US	0	7.0			
BM31185R	CISCO SYSTEMS (BERMUDA) LTD	US					
CHCHE112248702	CISCO SYSTEMS INTERNATIONAL SÀRL	US		35.0			
IE313769	CISCO SYSTEMS FINANCE INTERNATIONAL UNLIMITED COMPANY	US	57	32.0	937	3.0	11.0
IT03438700134	CISCO RENTING ITALY S.R.L.	US	25	3.0	72	3.0	3.0
LULB78770	CISCO SYSTEMS LUXEMBOURG INTERNATIO NAL SARL	US			5040		
LULB84844	CISCO SYSTEMS LUXEMBOURG SARL	US			15		
NL34146659	CISCO SYSTEMS NETHERLANDS HOLDINGS B.V.	US	19	36.0	2487	-5.0	-5.0
GB06640658	CISCO INTERNATIONAL LIMITED	US	12747	3303.0	5220	83.0	29.0
GB05807323	SOURCEFIRE LIMITED	US	0	3.0	5	0.0	0.0
GB04616240	TANDBERG PRODUCTS UK LIMITED	US	1		6	1.0	1.0
GB03390345	TANDBERG TELECOM UK LIMITED	US	1		27	1.0	1.0
LV000388182	CISCO LATVIA SIA	US	1	5.0	0	0.0	0.0
MY856533-X	CISCO MALAYSIA MANAGED SERVICES SDN. BHD.	US	10		6	0.0	-1.0
NO998386063	CISCO NORWAY AS	US	4		6	0.0	0.0
IT12755020158	CISCO PHOTONICS ITALY S.R.L	US	54	131.0	94	6.0	4.0
RS20232196	CISCO SRBIJA DOO BEOGRAD	US	4		4	0.0	0.0
NL34193371	CISCO SYSTEMS CAPITAL NETHERLANDS B.V.	US		1.0	61		
EE11224286	CISCO SYSTEMS ESTONIA OÜ	US	1	3.0	0	0.0	0.0
NL33283209	CISCO SYSTEMS INTERNATIONAL B.V.	US	28568	882.0	11026	382.0	277.0
IN0002078204	CISCO COMMERCE INDIA PRIVATE LIMITED	US	104		82	0.0	0.0
NL66713285	CISCO INVESTMENTS B.V.	US					
DE8350180816	CISCO SYSTEMS HOLDING GMBH	US		3.0	376		
DE8190502906	CISCO OPTICAL GMBH	US	29	99.0	22	3.0	2.0
DE8350179318	CISCO SOLUTIONS GMBH	US	32	64.0	36	2.0	0.0
DE8350186251	CISCO SYSTEMS CAPITAL GMBH	US		13.0			
DE8350128312	CISCO SYSTEMS GMBH	US	272	911.0	333	32.0	
AT9110194206	CISCO SYSTEMS AUSTRIA GMBH	US	35	134.0	35	2.0	1.0
AT9110706893	SOLVEDIRECT SERVICE MANAGEMENT GMBH	US	15		20	13.0	10.0
DE6150441596	JOULEX GMBH	US		2.0	1		
DE5190782961	PARSTREAM GMBH	US		35.0	2		
GB09089774	SBC BERLIN 2015-2017 LTD	US	1	2.0	1	0.0	0.0
BA4201150090008	CISCO SYSTEMS INTERNETWORKING D.O.O. SARAJEVO	US	1	4.0	1	0.0	0.0
NL34206017	CISCO SYSTEMS SERVICES B.V.	US	12	1.0	57	3.0	1.0
BE0524687549	CISCO TECHNOLOGY BELGIUM	US	1		0	0.0	0.0
DK35039945	CISCO TECHNOLOGY DENMARK APS	US			1	0.0	0.0
RU97212401	LIMITED LIABILITY COMPANY CISCO SYSTEMS	US	75	785.0	55	12.0	8.0
RU84862913	LIMITED LIABILITY COMPANY CISCO CAPITAL CIS LLC CISCO CAPITAL CIS	US	2	509.0	31	2.0	1.0
RU37263697	LIMITED LIABILITY COMPANY CISCO INNOVATION CENTER	US	1	7.0	0	0.0	0.0
RU17869794N	SISKO SOLYUSHENZ	US	246	25.0	167	21.0	7.0
TR1920217F	CISCO BILGISAYAR VE INTERNETSISTEMLERI LIMITED SIRKETI	US					
JM73261L	CISCO SYSTEMS JAMAICA LIMITED	US					
BM44370R	CISCO WORLDWIDE HOLDINGS LTD	US					
NL34282753	CISCO ISH B.V.	US		3.0	507	23.0	23.0
IT10978220159	CISCO SYSTEMS (ITALY) S.R.L.	US	431	367.0	214	11.0	5.0
GBSC136888	CISCO SYSTEMS (SCOTLAND) LIMITED	US	0		20	0.0	0.0
FR349166561	CISCO SYSTEMS FRANCE	US	273	675.0	184	23.0	14.0
FR449162163	CISCO SYSTEMS CAPITAL FRANCE	US	112		298	3.0	2.0
FR443573696	CISCO VIDEO TECHNOLOGIES FRANCE	US	124	457.0	156	13.0	14.0
DZ06B0971733	EURL CISCO SYSTEMS ALGERIE	US	3		4	0.0	0.0
NZ9429038865367	CISCO SYSTEMS NEW ZEALAND LIMITED	US	15		7	-1.0	-1.0
ESB81254336	CISCO SYSTEMS SPAIN SL	US	94	322.0	68	3.0	0.0
ESB83448175	CISCO SYSTEMS CAPITAL SPAIN SL	US	22		52	-2.0	-2.0
ESB65807935	CYBER SECURITY SL.	US					
NZ9429030371248	CISCO TECHNOLOGIES NEW ZEALAND LIMITED	US	9		12	0.0	0.0
NL34282754	CISCO ISH II B.V.	US		3.0	0		
NO994905376	CISCO NORWAY HOLDINGS AS	US	<0,5		316	11.0	12.0
NO979322437	CISCO SYSTEMS NORWAY AS	US	125	504.0	65	4.0	2.0
GB08126561	CISCO SYSTEMS HOLDINGS UK LIMITED	US			1169	-645.0	-645.0
GB07793971	ACANO (UK) LIMITED	US	67	93.0	71	45.0	45.0
GB02763799	PORTCULLIS COMPUTER SECURITY LIMITED	US	12	72.0	9	-1.0	-1.0
GB05247998	UBIQUISYS LIMITED	US	1		19	-4.0	-4.0
IE314989	CISCO SYSTEMS INTERNETWORKING (IRELAND) LIMITED	US	51	234.0	44	2.0	2.0
NL33260847	CISCO SYSTEMS MANAGEMENT B.V.	US	35	175.0	1429	27.0	24.0
PL012485650	CISCO SYSTEM POLAND SP. Z O.O.	US	86		34	7.0	6.0
HR39410844220	CISCO SYSTEMS HRVATSKA D.O.O.	US	3	13.0	4	0.0	0.0
GB02558939	CISCO SYSTEMS LIMITED	US	31		169	4.0	4.0
GB03900118	SCANSAFE LIMITED	US	12		46	1.0	1.0
PT504727060	CISCO SYSTEMS PORTUGAL - SISTEMAS INFORMÁTICOS, SOCIEDADE UNIPESSOAL, LDA	US	32	189.0	11	0.0	0.0
SK35744065	CISCO SYSTEMS SLOVAKIA, S.R.O.	US	6	23.0	6	1.0	0.0
DK33864620	DOCUMENTREADY APS	US			7	0.0	0.0
TR257583F	CISCO SYSTEMS INTERNETWORKING ILETISIM HIZMETLERI LIMITED SIRKETI	US		100.0			
CZ28943601	COGNITIVE SECURITY, S.R.O.	US	2		4	2.0	2.0
RO10656208	CISCO SYSTEMS ROMANIA SRL	US	5	29.0	5	0.0	0.0
CZ63979462	CISCO SYSTEMS (CZECH REPUBLIC), S.R.O.	US	34	150.0	12	1.0	1.0
BM45633R	NDS GROUP HOLDINGS LIMITED	US					
GB01950497	NDS GROUP LIMITED	US			118	0.0	0.0
GB06617193	NDS FINANCE LIMITED	US			552	-66.0	-66.0
GB03173930	DIGI-MEDIA VISION LIMITED	US			43		
GB02646785	NEWS DATACOM LIMITED	US			43		
DK26117615	NDS DENMARK HOLDING A/S	US			4	0.0	0.0
DK14724788	NDS DENMARK APS	US			4	0.0	0.0
US*110175548675	ITE MEDIA AMERICAS	US					
US*110175548674	ITE PSE	US					
US*110175548676	ITE TV PRODUCTION	US					
ES*110175548677	INTERACTIVE TELEVISION ENTERTAINMENT SPAIN SL	US					
GB07594709	FUZZY FROG LIMITED	US			1		
GB03080780	NDS LIMITED	US	692		588	91.0	74.0
US266047436L	CALLWAY LLC	US					
IL53-230-2973	CASTUP ISRAEL LTD.	US					
US148028158L	CCD VENTURES LLC	US	3	1.0			
SA*110154211139	CISCO (SAUDI ARABIA) SUPPORT LIMITED	US					
ALK72208029P	CISCO ALBANIA	US					
BH67971	CISCO BAHRAIN SPC	US					
AE0000259623	CISCO CAPITAL DUBAI LIMITED	US					
MX*110006966878	CISCO CAPITAL MEXICO, S. DE R.L. DE C.V.	US					
CL967936405	CISCO CHILE	US					
CN*110006966879	CISCO CHINA COMPANY, LIMITED	US					
BR09045277000105	CISCO COMERCIO E SERVICOS DE HARDWARE E SOFTWARE DO BRASIL LTDA.	US	2	251.0			
US*901489390	CISCO CONSUMER PRODUCTS LLC	US					
IN0000400502	CISCO DEVELOPMENT INDIA PRIVATE LIMITED	US					
BR00028666000158	CISCO DO BRASIL LTDA	US	307	351.0			
US2-43853	CISCO FAST DATA LLC	US					
US*915102092	CISCO FAST DATA, LLC	US					
KY2-43854	CISCO HOLDINGS CAYMAN LTD	US					
KY*110001484887	CISCO HOLDINGS CAYMEN LTD	US					
CHCHE403653318	CISCO INNOVATION INTERNATIONAL SÀRL	US		15.0			
NL34286237	CISCO INTERNATIONAL HOLDINGS B.V.	US		7.0	3127	2421.0	2421.0
IL60-041-8938	CISCO INTERNATIONAL ISRAEL LTD	US					
TW53912815	CISCO INTERNATIONAL TAIWAN, LTD.	US					
AM*110154211141	CISCO INTERNETWORKING LIMITED LIABILITY COMPANY	US					
GR2-43858	CISCO INTERNETWORKING SYSTEMS HELLAS SA	US					
US2-43859	CISCO IRIS INC	US					
US202765140L	CISCO IRONPORT SYSTEMS	US					
NG2-43865	CISCO MANAGED SERVICES NIGERIA LTD	US					
US2-43866	CISCO MANAGED SOLUTIONS INC	US					
MA276919-81	CISCO MOROCCO	US					
US*110154211144	CISCO OPENDNS LLC	US					
QA*915102100	CISCO QSTP-LLC	US					
US2-43873	CISCO RAVENSCOURT LLC	US					
IL53-220-2025	CISCO RG ISRAEL LTD	US		240.0			
SA*110154211145	CISCO SAUDI ARABIA LIMITED	US					
US*926059826	CISCO SBAIF III INC.	US					
TH*110154211146	CISCO SCM (THAILAND) LIMITED	US					
KR2-43879	CISCO SERVICES KOREA LTD	US					
MY801007-A	CISCO SERVICES MALAYSIA SDN. BHD.	US	9		8	0.0	0.0
GT*110006966883	CISCO SOLUTIONS GUATEMALA, LIMITADA	US					
CN9361001920	CISCO SYSTEM (CHINA) INFORMATION TECHNICAL SERVICE CO., LTD.	US	44		62	4.0	4.0
BM28700R	CISCO SYSTEMS (BERMUDA) HOLDINGS LTD	US					
CN9360894206	CISCO SYSTEMS (CHINA) NETWORKING TECHNOLOGY CO., LTD.	US	244	200.0	260		30.0
CN9364725339	CISCO SYSTEMS (CHINA) RESEARCH AND DEVELOPMENT CO., LTD.	US	268		211		
ET0000019709	CISCO SYSTEMS (ETHIOPIA) PLC	US					
IN0000400516	CISCO SYSTEMS (INDIA) PRIVATE LIMITED	US	754		696	54.0	37.0
JO2-43893	CISCO SYSTEMS (JORDAN)	US					
MM000073480MMR	CISCO SYSTEMS (MYANMAR)COMPANY LIMITED	US					
US2-43897	CISCO SYSTEMS (PUERTO RICO) CORP	US					
CN9366687638	CISCO SYSTEMS (SHANGHAI) VIDEO TECHNOLOGY CO., LTD.	US	81		59		
ZA199400976007	CISCO SYSTEMS (SOUTH AFRICA) (PTY) LTD	US					
SE5565537684	CISCO SYSTEMS (SWEDEN) AKTIEBOLAG	US	75	241.0	34	7.0	5.0
CHCHE101641745	CISCO SYSTEMS (SWITZERLAND) GMBH	US		75.0			
TH0105538100242	CISCO SYSTEMS (THAILAND) LTD	US	25		12	2.0	1.0
TT2-43907	CISCO SYSTEMS (TRINIDAD & TOBAGO) LTD	US					
DZ2-43909	CISCO SYSTEMS ALGERIA EURL	US					
AR30-68990729-2	CISCO SYSTEMS ARGENTINA SA	US		175.0			
AU050332940	CISCO SYSTEMS AUSTRALIA PTY LIMITED	US	1432	1227.0	885	40.0	-19.0
AU091404214	CISCO SYSTEMS CAPITAL (AUSTRALIA) PTY LIMITED	US	20		349	6.0	3.0
AU614639646	MERAKI NETWORKS AUSTRALIA PTY LIMITED	US					
BE0447138227	CISCO SYSTEMS BELGIUM	US	196	606.0	257	12.0	8.0
SN009920G	CISCO SYSTEMS SENEGAL SARL	US	2	6.0			
IN0000400521	CISCO SYSTEMS CAPITAL (INDIA) PRIVATE LIMITED	US	18		263	6.0	0.0
KR2-43917	CISCO SYSTEMS CAPITAL (KOREA) LTD	US					
TH0105547167737	CISCO SYSTEMS CAPITAL (THAILAND) COMPANY LIMITED	US	5		76	-2.0	-2.0
SG200206805N	CISCO SYSTEMS CAPITAL ASIA PTE. LTD.	US					
CA*190521460535	CISCO SYSTEMS CAPITAL CANADA CO	US					
CA2-43920	CISCO SYSTEMS CAPITAL CANADA CO/LES SYSTEMES CISCO CAPITAL CANADA CIE	US					
CN2-43921	CISCO SYSTEMS CAPITAL CHINA CORPORATION	US					
US2-43922	CISCO SYSTEMS CAPITAL CORPORATION	US					
IT02753180138	CISCO SYSTEMS CAPITAL ITALY S.R.L. IN LIQUIDAZIONE	US	<0,5	1.0	9	0.0	-1.0
JP2-43926	CISCO SYSTEMS CAPITAL KK	US					
KR1101112061359	CISCO SYSTEMS CAPITAL KOREA LTD.	US	21	5.0	191	-9.0	7.0
MY682523-P	CISCO SYSTEMS CAPITAL SDN. BHD.	US	6		29	-1.0	-1.0
ZA200601176707	CISCO SYSTEMS CAPITAL SOUTH AFRICA (PTY) LTD	US					
CA*190521468552	CISCO SYSTEMS CO.	US					
CO8300117052	CISCO SYSTEMS COLOMBIA LIMITADA	US	18		7	2.0	1.0
CR3101180328	CISCO SYSTEMS COSTA RICA SOCIEDAD ANONIMA	US					
CYC115206	CISCO SYSTEMS CYPRUS LIMITED	US					
DO22897SDQ	CISCO SYSTEMS DOMINICANA	US					
EG2-43939	CISCO SYSTEMS EGYPT LTD	US					
SV2-43940	CISCO SYSTEMS EL SALVADOR LTDA	US					
FI14739260	CISCO SYSTEMS FINLAND OY	US	21	69.0	18	2.0	1.0
JP5010403006506	CISCO SYSTEMS G.K.	US	1917	1130.0	514	59.0	13.0
BM42165R	CISCO SYSTEMS GLOBAL HOLDINGS LTD.	US					
US*926059916	CISCO SYSTEMS HOLDING I INC.	US					
AE*110154211149	CISCO SYSTEMS INTERNATIONAL FZ-LLC	US					
BM30221R	CISCO SYSTEMS INTERNATIONAL HOLDINGS LTD	US					
IS5302061300	CISCO SYSTEMS ISLAND EHF	US	0	1.0	1	0.0	0.0
IL51-443-2004	CISCO SYSTEMS ISRAEL LTD	US		513.0			
KR1101111076135	CISCO SYSTEMS KOREA LTD.	US	73	310.0	134	17.0	12.0
OM1099211	CISCO SYSTEMS LLC	US					
MK2-43970	CISCO SYSTEMS MACEDONIA DOOEL SKOPJE	US					
HU12317705	CISCO SYSTEMS MAGYARORSZÁG SZOLGÁLTATÓ ÉS KERESKEDELMI KORLÁTOLT FELELOSSÉGU TÁRSASÁG	US	10	53.0	14	1.0	1.0
BM33601R	CISCO SYSTEMS MANAGEMENT LTD.	US					
MZ*110006966894	CISCO SYSTEMS MOÇAMBIQUE, LIMITADA	US					
NG459266R	CISCO SYSTEMS NIGERIA LIMITED	US					
PK0042414	CISCO SYSTEMS PAKISTAN (PRIVATE) LIMITED	US					
PA255LRPP	CISCO SYSTEMS PANAMA S. DE R.L.	US					
PE20330011930	CISCO SYSTEMS PERU SA	US	12	47.0			
TW97177159	CISCO SYSTEMS TAIWAN LTD.	US					
YY2-43986	CISCO SYSTEMS URUGUAY SRL	US					
VE2-43987	CISCO SYSTEMS VENEZUELA CA	US					
VN2-43988	CISCO SYSTEMS VIETNAM LTD	US					
AU*926059965	CISCO SYSTEMS WIRELESS NETWORKING (AUSTRALIA) PTY. LIMITED	US					
SG*901489434	CISCO SYSTEMS-LINKSYS (ASIA) PTE LTD	US					
TH0105555081153	CISCO TECHNOLOGIES (THAILAND) COMPANY LIMITED	US	0		1	0.0	0.0
PH2-43990	CISCO TECHNOLOGIES PHILLIPPINES INC	US					
ZA200700536207	CISCO TECHNOLOGY AND SERVICES (SOUTH AFRICA) (PTY) LTD	US					
BD2-43996	CISCO TECHNOLOGY BANGLADESH LTD	US					
US*D00411618	CISCO TECHNOLOGY INC.	US					
CN2-43994	CISCO TECHNOLOGY SERVICES (DALIAN) CO LTD	US					
US*915102127	CISCO TELEPRESENCE SUITES LLC	US					
TN2-43999	CISCO TUNISIA SARL	US					
IL60-015-8604	CISCO VIDEO TECHNOLOGIES ISRAEL LTD	US		1079.0			
US276463433L	CISCO WEBEX LLC	US					
NL33288138	WEBEX WORLDWIDE B.V.	US		4.0	1	0.0	0.0
NL34184792	WEBEX COMMUNICATIONS B.V.	US	34	60.0	31	1.0	1.0
DE5050497515	WEBEX COMMUNICATIONS DEUTSCHLAND GMBH	US	19	2.0	9	0.0	0.0
FR447479841	WEBEX COMMUNICATIONS FRANCE SARL	US	14		9	0.0	0.0
GB04274849	WEBEX COMMUNICATIONS UK, LTD	US	63		35	3.0	2.0
CN*00001192911	CISCO-LINKSYS(CHENGDU)NETWORKING CO., LTD.	US					
US2-44006	CISCO-NAVINI NETWORKS LLC	US					
EC1792040825001	CISCOSYSTEMS ECUADOR S.A.	US	243	2.0			
IN0012676989	CLIQR TECHNOLOGIES INDIA PRIVATE LIMITED	US					
US2-44009	CLOUPIA LLC	US					
IN0002117599	CLOUPIA SOFTWARE SOLUTIONS PRIVATE LIMITED	US					
HK0000280336	CODIAN APAC PTY, LTD	US					
AU*926367847	CODIAN AUSTRALIA PTY LTD	US					
US*190521517803	COGNIO LLC	US					
US*110006966899	COMPOSITE SOFTWARE LLC	US					
US2-44012	COREOPTICS LLC	US					
MU0000021747	CSI BD (MAURITIUS)	US					
MU0000021752	CSI MAURITIUS INC	US					
US*915102142	DYNAMICSOFT LLC	US					
US*110154211162	EMBRANE LLC	US					
US2-44017	EXTENDMEDIA LLC	US					
US*190521521195	FINEGROUND NETWORKS LLC	US					
US2-44019	GREENFIELD NETWORKS LLC	US					
IN0000400535	GREENFIELD NETWORKS TECHNOLOGIES PRIVATE LIMITED	US					
US*110154211163	INSIEME NETWORKS, LLC	US					
IL53-243-1702	INTUCELL LTD	US					
SG2-44025	INTUCELL PTD LTD	US					
US2-44026	JABBER LLC	US					
US*D00393576	JASPER INTERNATIONAL SERVICES, LLC	US					
NL34375812	JASPER NETHERLANDS B.V.	US		1.0	0		
AU600015585	JASPER TECHNOLOGIES AUSTRALIA PTY LTD	US		3.0			
CA*110154211167	JASPER TECHNOLOGIES CANADA LIMITED	US					
IE485935	JASPER TECHNOLOGIES IRELAND LIMITED	US			<0,5		
GB06147171	JASPER TECHNOLOGIES LIMITED	US	1	12.0	0	0.0	0.0
US*110154211170	JASPER TECHNOLOGIES LLC	US					
SG201323058K	JASPER TECHNOLOGIES SINGAPORE PTE. LIMITED	US					
BR*110154211172	JASPER TECNOLOGIA DO BRASIL LTDA.	US					
JP2-44028	JOULEX KK	US					
US2-44029	JOULEX LLC	US					
US*110154211174	LANCOPE LLC	US					
AE*110154211175	LANCOPE MENA FZE	US					
IL60-039-7737	LEABA SEMICONDUCTOR LTD	US		40.0			
RU*110001484922	LIMITED LIABILITY COMPANY CISCO SOLUTIONS	US					
US*110154211178	MAINTENANCENET LLC	US					
IN0008300142	MEMOIR SYSTEMS INDIA PRIVATE LIMITED	US					
US*110154211179	MEMOIR SYSTEMS LLC	US					
US2-44040	MERAKI LLC	US					
US250828400L	METACLOUD INC	US					
US*110154211180	MNEMONIC TECHNOLOGIES LLC	US					
IN0000400549	NAVINI NETWORKS PRIVATE LIMITED	US					
US2-44043	NDS AMERICAS LLC	US					
IL53-317-2318	NDS MARKETING ISRAEL LTD.	US		1000.0			
SE5567019426	NDS SWEDEN AB	US	1		4	1.0	-13.0
IL*271636200	NDS TECHNOLOGIES ISRAEL LTD	US					
GBJE103352	NDS TREASURY (JERSEY) LIMITED (IN LIQUIDATION)	US					
GB05726224	NEOHAPSIS EMEA LIMITED	US	0		<0,5	0.0	0.0
US*B000082954	NEOHAPSIS INC	US					
GB*110154211182	NEOHAPSIS INTERNATIONAL LLC	US					
US*110154211183	NEOHAPSIS LLC	US					
IN0013061996	NEOHAPSIS SOFTWARE PRIVATE LIMITED	US					
US752094811	NETSOLVE	US	38	175.0			
US288996728L	NETSOLVE INC	US					
US2-44064	NEWSCALE LLC	US					
IN0009120014	NEWSCALE SOFTWARE PRIVATE LIMITED	US					
JP*926367837	NIHON TANDBERG KK	US					
US*110154211185	ONE MAINSTREAM LLC	US					
US*110154211186	ONPRIME TV LLC	US					
CA*110154211187	OPENDNS CANADA ULC	US					
US124216634L	ORATIVE CORP	US					
US169077432L	ORATIVE	US					
IN0007100598	PARI NETWORKS (INDIA) PRIVATE LIMITED	US					
US2-44069	PARI NETWORKS LLC	US					
US*110154211189	PARSTREAM LLC	US					
IN0010025081	PAWAA SOFTWARE PRIVATE LIMITED	US					
US*110154211190	PISTON CLOUD COMPUTING LLC	US					
US*110154211191	PORTCULLIS LLC	US					
US2-44070	POSTPATH LLC	US					
US2-44071	POSTX LLC	US					
ID2-44072	PT CISCO SYSTEMS INDONESIA	US					
ID2-44073	PT CISCO TECHNOLOGIES INDONESIA	US					
US2-44074	PURE DIGITAL TECHNOLOGIES LLC	US					
US2-44075	PURE NETWORKS LLC	US					
US2-44076	RADIATA INC	US					
JP*190621204663	SA JAPAN K.K.	US					
US*903092698	SA LIMITED ENTERPRISES LLC	US					
US*903092700	SA MANAGEMENT ENTERPRISES LLC	US					
US*D00350711	SAMMEX L.P.	US					
US*926059985	SB ASIA INFRASTRUCTURE FUND III	US					
US2-44080	SCANSAFE LLC	US					
US2-44081	SCANSAFE SERVICES LLC	US					
AR30-68240893-2	SCIENTIFIC ATLANTA ARGENTINA SA	US					
US*198551673	SCIENTIFIC ATLANTA LLC	US					
US2-44083	SCIENTIFIC-ATLANTA CHINA LLC	US					
BE2-44085	SCIENTIFIC-ATLANTA EUROPE BVBA	US					
US*903092732	SCIENTIFIC-ATLANTA FINANCIAL ENTERPRISES LLC	US					
IN*903187387	SCIENTIFIC-ATLANTA INDIA SALES & SERVICES PRIVATE LIMITED	US					
US*1295069	SCIENTIFIC-ATLANTA STRATEGIC INVESTMENTS LLC	US					
US*903092759	SCIENTIFIC-ATLANTA UB VIDEO INC	US					
CA*903187389	SCIENTIFIC-ATLANTA VANCOUVER COMPANY	US					
US*110154211192	SCIENTIFIC-ATLANTA, LLC	US					
IN0000400573	SECURENT INDIA PRIVATE LIMITED	US					
US2-44088	SECURENT LLC	US					
BG130076948	SISCO SYSTEMS BULGARIA EOOD	US	4	16.0	5	0.0	0.0
UY*110001484947	SMALL WELLS SERVICES S.A.	US					
US*110006966920	SOURCEFIRE HOLDING COMPANY (US) LLC	US					
US*110006966923	SOURCEFIRE LLC	US					
US2-44093	STARENT INTERNATIONAL LLC	US					
MX112049IM	STARENT NETWORKS	US					
IN0000400587	STARENT NETWORKS (INDIA) PRIVATE LIMITED	US			11		0.0
CN2-44095	STARENT NETWORKS BEIJING CO LTD	US					
CN*923138710	STARENT NETWORKS BEIJING CO, LTD	US					
IN0000400592	STARENT NETWORKS INDIA SALES AND SERVICES PRIVATE LIMITED	US					
KR*923138719	STARENT NETWORKS KOREA	US					
US2-44098	STARENT NETWORKS LLC	US					
US*110154211193	SYNATA LLC	US					
AU*926367839	TANDBERG AUSTRALIA PTY LTD	US					
CA132712179L	TANDBERG CDA INC	US	1	1.0			
BR*190521562415	TANDBERG DO BRASIL COMUNICACAO LTDA	US					
IN0000400604	TANDBERG INDIA PRIVATE LIMITED	US					
US*926367833	TANDBERG RESEARCH INC	US					
US*923138735	TANDBERG SERVICES LLC	US					
IN0000400618	TANDBERG TECHNOLOGY (INDIA) PRIVATE LIMITED	US			0		0.0
CN*926367835	TANDBERG VISUAL COMMUNICATIONS INTERNATIONAL TRADING (BEIJING) CO LTD	US					
US*110006966931	THREATGRID LLC	US					
IN0000400623	TOPSPIN COMMUNICATION TECHNOLOGIES INDIA PRIVATE LIMITED	US					
US123045176L	TOPSPIN COMMUNICATIONS	US					
US196500405L	TOP SPIN COMMUNICATIONS	US					
GB08623324	TROPO (EUROPE) LIMITED	US	0		0	0.0	0.0
GB*110154211198	TROPO LLC	US					
LT300647948	UAB CISCO LT	US		3.0			
TNB153272003	UB VIDEO TUNISIA SARL	US					
CN*110154211199	VOXEO LABS (BEIJING) TECHNOLOGY, LTD.	US					
CN2-44118	WEBEX (CHINA) SOFTWARE CO LTD	US					
HK0000280374	WEBEX ASIA LIMITED	US		110.0			
AU093404463	WEBEX AUSTRALIA PTY LIMITED	US	13		7	0.0	0.0
IN0000400637	WEBEX COMMUNICATIONS (INDIA) PRIVATE LIMITED	US					
JP2-44125	WEBEX COMMUNICATIONS JAPAN KK	US					
US*D00389155	WHIPTAIL TECHNOLOGIES LLC	US					
