Target	Source	Weight	Total	Type	max
AE*110154211149	CISCO SYSTEMS INC	100.0	0.0	Directed	50.01
AE*110154211175	CISCO SYSTEMS INC	100.0	0.0	Directed	50.01
AE0000259623	CISCO SYSTEMS INC	100.0	0.0	Directed	50.01
ALK72208029P	CISCO SYSTEMS INC	100.0	50.01	Directed	50.01
AM*110154211141	CISCO SYSTEMS INC	100.0	0.0	Directed	50.01
AR30-68240893-2	CISCO SYSTEMS INC	100.0	0.0	Directed	50.01
AR30-68990729-2	CISCO SYSTEMS INC	100.0	0.0	Directed	50.01
AT9110194206	DE8350128312	100.0	100.0	Directed	100.0
AT9110194206	CISCO SYSTEMS INC	0.0	50.01	Directed	50.01
AT9110706893	AT9110194206	100.0	100.0	Directed	100.0
AT9110706893	CISCO SYSTEMS INC	0.0	50.01	Directed	50.01
AU*926059965	CISCO SYSTEMS INC	100.0	0.0	Directed	50.01
AU*926367839	CISCO SYSTEMS INC	100.0	0.0	Directed	50.01
AU*926367847	CISCO SYSTEMS INC	100.0	0.0	Directed	50.01
AU050332940	CISCO SYSTEMS INC	100.0	50.01	Directed	50.01
AU091404214	AU050332940	100.0	100.0	Directed	100.0
AU091404214	CISCO SYSTEMS INC	0.0	50.01	Directed	50.01
AU093404463	CISCO SYSTEMS INC	100.0	50.01	Directed	50.01
AU600015585	CISCO SYSTEMS INC	100.0	50.01	Directed	50.01
AU614639646	AU050332940	100.0	100.0	Directed	100.0
BA4201150090008	NL34146659	100.0	100.0	Directed	100.0
BA4201150090008	CISCO SYSTEMS INC	0.0	50.01	Directed	50.01
BD2-43996	CISCO SYSTEMS INC	100.0	0.0	Directed	50.01
BE0447138227	CISCO SYSTEMS INC	100.0	0.0	Directed	50.01
BE0524687549	NL34146659	100.0	100.0	Directed	100.0
BE0524687549	CISCO SYSTEMS INC	0.0	50.01	Directed	50.01
BE2-44085	CISCO SYSTEMS INC	100.0	0.0	Directed	50.01
BG130076948	CISCO SYSTEMS INC	100.0	0.0	Directed	50.01
BH67971	CISCO SYSTEMS INC	100.0	0.0	Directed	50.01
BM28700R	CISCO SYSTEMS INC	100.0	0.0	Directed	50.01
BM30221R	CISCO SYSTEMS INC	100.0	0.0	Directed	50.01
BM31185R	US128046778L	79.83549050441515	99.0	Directed	99.0
BM31185R	CISCO SYSTEMS INC	20.164509495584856	50.01	Directed	50.01
BM33601R	CISCO SYSTEMS INC	100.0	0.0	Directed	50.01
BM42165R	CISCO SYSTEMS INC	100.0	0.0	Directed	50.01
BM44370R	US128046778L	79.83549050441515	99.0	Directed	99.0
BM44370R	CISCO SYSTEMS INC	20.164509495584856	50.01	Directed	50.01
BM45633R	US128046778L	79.83549050441515	99.0	Directed	99.0
BM45633R	CISCO SYSTEMS INC	20.164509495584856	50.01	Directed	50.01
BR*110154211172	CISCO SYSTEMS INC	100.0	0.0	Directed	50.01
BR*190521562415	CISCO SYSTEMS INC	100.0	0.0	Directed	50.01
BR00028666000158	CISCO SYSTEMS INC	100.0	0.0	Directed	50.01
BR09045277000105	CISCO SYSTEMS INC	100.0	0.0	Directed	50.01
CA*110154211167	CISCO SYSTEMS INC	100.0	0.0	Directed	50.01
CA*110154211187	CISCO SYSTEMS INC	100.0	0.0	Directed	50.01
CA*190521460535	CISCO SYSTEMS INC	100.0	0.0	Directed	50.01
CA*190521468552	CISCO SYSTEMS INC	100.0	0.0	Directed	50.01
CA*903187389	CISCO SYSTEMS INC	100.0	0.0	Directed	50.01
CA*H00089445936	CISCO SYSTEMS INC	100.0	0.0	Directed	50.01
CA*H00089469688	CISCO SYSTEMS INC	100.0	0.0	Directed	50.01
CA*H00089469712	CISCO SYSTEMS INC	100.0	0.0	Directed	50.01
CA*Z00053900	US250607768L	100.0	100.0	Directed	100.0
CA*Z00053900	CISCO SYSTEMS INC	0.0	50.01	Directed	50.01
CA132670323L	CA149170745L	100.0	0.0	Directed	50.01
CA132712179L	CISCO SYSTEMS INC	100.0	50.01	Directed	50.01
CA149170745L	CISCO SYSTEMS INC	100.0	0.0	Directed	50.01
CA149200938L	US130416822L	100.0	0.0	Directed	50.01
CA2-43826	CISCO SYSTEMS INC	100.0	100.0	Directed	100.0
CA2-43827	CISCO SYSTEMS INC	100.0	100.0	Directed	100.0
CA2-43914	CISCO SYSTEMS INC	100.0	100.0	Directed	100.0
CA2-43920	CISCO SYSTEMS INC	100.0	0.0	Directed	50.01
CA2-44018	CISCO SYSTEMS INC	100.0	100.0	Directed	100.0
CA2-44059	CISCO SYSTEMS INC	100.0	100.0	Directed	100.0
CA2-44096	CISCO SYSTEMS INC	100.0	100.0	Directed	100.0
CA249203222L	US126005454L	100.0	0.0	Directed	50.01
CA273930743L	CISCO SYSTEMS INC	100.0	0.0	Directed	50.01
CHCHE101641745	CISCO SYSTEMS INC	0.0	50.01	Directed	50.01
CHCHE101641745	BM30221R	100.0	100.0	Directed	100.0
CHCHE112248702	BM31185R	100.0	100.0	Directed	100.0
CHCHE112248702	US128046778L	0.0	99.0	Directed	99.0
CHCHE403653318	CISCO SYSTEMS INC	100.0	0.0	Directed	50.01
CL967936405	CISCO SYSTEMS INC	100.0	0.0	Directed	50.01
CN*00001192911	CISCO SYSTEMS INC	100.0	0.0	Directed	50.01
CN*110006966879	CISCO SYSTEMS INC	100.0	0.0	Directed	50.01
CN*110154211136	CISCO SYSTEMS INC	100.0	0.0	Directed	50.01
CN*110154211199	CISCO SYSTEMS INC	100.0	0.0	Directed	50.01
CN*901489416	CISCO SYSTEMS INC	100.0	0.0	Directed	50.01
CN*923138710	CISCO SYSTEMS INC	100.0	0.0	Directed	50.01
CN*926367835	CISCO SYSTEMS INC	100.0	0.0	Directed	50.01
CN2-43829	CISCO SYSTEMS INC	100.0	100.0	Directed	100.0
CN2-43830	CISCO SYSTEMS INC	100.0	0.0	Directed	50.01
CN2-43883	CISCO SYSTEMS INC	100.0	100.0	Directed	100.0
CN2-43921	CISCO SYSTEMS INC	100.0	0.0	Directed	50.01
CN2-43994	CISCO SYSTEMS INC	100.0	0.0	Directed	50.01
CN2-44095	CISCO SYSTEMS INC	100.0	0.0	Directed	50.01
CN2-44118	CISCO SYSTEMS INC	100.0	0.0	Directed	50.01
CN9360894206	CISCO SYSTEMS INC	100.0	0.0	Directed	50.01
CN9361001920	CISCO SYSTEMS INC	100.0	0.0	Directed	50.01
CN9364725339	CISCO SYSTEMS INC	100.0	0.0	Directed	50.01
CN9366687638	CISCO SYSTEMS INC	100.0	50.01	Directed	50.01
CN9392545593	CISCO SYSTEMS INC	100.0	100.0	Directed	100.0
CO8300117052	CISCO SYSTEMS INC	100.0	0.0	Directed	50.01
CR3101180328	CISCO SYSTEMS INC	100.0	0.0	Directed	50.01
CYC115206	CISCO SYSTEMS INC	100.0	0.0	Directed	50.01
CZ28943601	NL33260847	79.83386426872052	0.0	Directed	98.99
CZ28943601	CISCO SYSTEMS INC	20.16613573127949	50.01	Directed	50.01
CZ63979462	NL33260847	76.18684824532166	0.0	Directed	80.0
CZ63979462	CISCO SYSTEMS INC	23.81315175467835	50.01	Directed	50.01
DE5050497515	NL33288138	100.0	100.0	Directed	100.0
DE5050497515	CISCO SYSTEMS INC	0.0	50.01	Directed	50.01
DE5190782961	DE8350180816	79.8387421890748	0.0	Directed	99.02
DE5190782961	CISCO SYSTEMS INC	20.161257810925218	50.01	Directed	50.01
DE6150441596	DE8350180816	100.0	100.0	Directed	100.0
DE6150441596	CISCO SYSTEMS INC	0.0	50.01	Directed	50.01
DE8190502906	DE8350180816	100.0	100.0	Directed	100.0
DE8190502906	CISCO SYSTEMS INC	0.0	50.01	Directed	50.01
DE8330375902	CISCO SYSTEMS INC	100.0	100.0	Directed	100.0
DE8350128312	DE8350180816	100.0	100.0	Directed	100.0
DE8350128312	CISCO SYSTEMS INC	0.0	50.01	Directed	50.01
DE8350179318	DE8350180816	100.0	100.0	Directed	100.0
DE8350179318	CISCO SYSTEMS INC	0.0	50.01	Directed	50.01
DE8350180816	NL33283209	100.0	100.0	Directed	100.0
DE8350180816	CISCO SYSTEMS INC	0.0	50.01	Directed	50.01
DE8350186251	DE8350180816	100.0	100.0	Directed	100.0
DE8350186251	CISCO SYSTEMS INC	0.0	50.01	Directed	50.01
DK14724788	DK26117615	100.0	100.0	Directed	100.0
DK14724788	CISCO SYSTEMS INC	0.0	50.01	Directed	50.01
DK20456078	CISCO SYSTEMS INC	0.0	100.0	Directed	100.0
DK20456078	NL33260847	100.0	100.0	Directed	100.0
DK26117615	GB06617193	100.0	100.0	Directed	100.0
DK26117615	CISCO SYSTEMS INC	0.0	50.01	Directed	50.01
DK33864620	NL33260847	100.0	100.0	Directed	100.0
DK35039945	NL34146659	100.0	100.0	Directed	100.0
DK35039945	CISCO SYSTEMS INC	0.0	50.01	Directed	50.01
DO22897SDQ	CISCO SYSTEMS INC	100.0	0.0	Directed	50.01
DZ06B0971733	FR349166561	100.0	100.0	Directed	100.0
DZ2-43909	CISCO SYSTEMS INC	100.0	0.0	Directed	50.01
EC1792040825001	CISCO SYSTEMS INC	100.0	0.0	Directed	50.01
EE11224286	NL34146659	100.0	100.0	Directed	100.0
EE11224286	CISCO SYSTEMS INC	0.0	50.01	Directed	50.01
EG2-43939	CISCO SYSTEMS INC	100.0	0.0	Directed	50.01
ES*110175548677	DK14724788	100.0	0.0	Directed	51.0
ESB65807935	ESB81254336	100.0	100.0	Directed	100.0
ESB81254336	NL34282753	100.0	100.0	Directed	100.0
ESB81254336	CISCO SYSTEMS INC	0.0	50.01	Directed	50.01
ESB83448175	ESB81254336	100.0	100.0	Directed	100.0
ESB83448175	CISCO SYSTEMS INC	0.0	50.01	Directed	50.01
ET0000019709	CISCO SYSTEMS INC	100.0	50.01	Directed	50.01
FI14739260	CISCO SYSTEMS INC	100.0	50.01	Directed	50.01
FR2-43831	CISCO SYSTEMS INC	100.0	100.0	Directed	100.0
FR349166561	NL34282753	100.0	100.0	Directed	100.0
FR349166561	CISCO SYSTEMS INC	0.0	50.01	Directed	50.01
FR443573696	FR349166561	100.0	100.0	Directed	100.0
FR443573696	CISCO SYSTEMS INC	0.0	50.01	Directed	50.01
FR447479841	NL33288138	100.0	100.0	Directed	100.0
FR447479841	CISCO SYSTEMS INC	0.0	50.01	Directed	50.01
FR449162163	FR349166561	100.0	100.0	Directed	100.0
FR449162163	CISCO SYSTEMS INC	0.0	50.01	Directed	50.01
GB*110154211182	CISCO SYSTEMS INC	100.0	0.0	Directed	50.01
GB*110154211198	CISCO SYSTEMS INC	100.0	0.0	Directed	50.01
GB01950497	BM45633R	100.0	100.0	Directed	100.0
GB01950497	CISCO SYSTEMS INC	0.0	50.01	Directed	50.01
GB02558939	NL33260847	100.0	100.0	Directed	100.0
GB02558939	CISCO SYSTEMS INC	0.0	50.01	Directed	50.01
GB02646785	GB03173930	100.0	100.0	Directed	100.0
GB02646785	CISCO SYSTEMS INC	0.0	50.01	Directed	50.01
GB02763799	GB08126561	100.0	100.0	Directed	100.0
GB03080780	GB06617193	100.0	100.0	Directed	100.0
GB03080780	CISCO SYSTEMS INC	0.0	50.01	Directed	50.01
GB03173930	GB06617193	100.0	100.0	Directed	100.0
GB03173930	CISCO SYSTEMS INC	0.0	50.01	Directed	50.01
GB03390345	GB06640658	100.0	100.0	Directed	100.0
GB03390345	CISCO SYSTEMS INC	0.0	50.01	Directed	50.01
GB03900118	GB02558939	100.0	100.0	Directed	100.0
GB03900118	CISCO SYSTEMS INC	0.0	50.01	Directed	50.01
GB04274849	NL33288138	100.0	100.0	Directed	100.0
GB04274849	CISCO SYSTEMS INC	0.0	50.01	Directed	50.01
GB04616240	GB06640658	100.0	100.0	Directed	100.0
GB04616240	CISCO SYSTEMS INC	0.0	50.01	Directed	50.01
GB05247998	GB08126561	100.0	100.0	Directed	100.0
GB05247998	CISCO SYSTEMS INC	0.0	50.01	Directed	50.01
GB05726224	CISCO SYSTEMS INC	0.0	50.01	Directed	50.01
GB05726224	US*B000082954	100.0	100.0	Directed	100.0
GB05807323	GB06640658	100.0	100.0	Directed	100.0
GB05807323	CISCO SYSTEMS INC	0.0	50.01	Directed	50.01
GB06147171	CISCO SYSTEMS INC	100.0	0.0	Directed	50.01
GB06617193	GB01950497	100.0	100.0	Directed	100.0
GB06617193	CISCO SYSTEMS INC	0.0	50.01	Directed	50.01
GB06625273	US230189588L	100.0	100.0	Directed	100.0
GB06625273	CISCO SYSTEMS INC	0.0	50.01	Directed	50.01
GB06640658	NL34146659	100.0	100.0	Directed	100.0
GB06640658	CISCO SYSTEMS INC	0.0	50.01	Directed	50.01
GB07594709	DK14724788	100.0	0.0	Directed	50.9
GB07793971	GB08126561	100.0	100.0	Directed	100.0
GB08126561	BM44370R	100.0	100.0	Directed	100.0
GB08126561	CISCO SYSTEMS INC	0.0	50.01	Directed	50.01
GB08623324	CISCO SYSTEMS INC	100.0	0.0	Directed	50.01
GB09031562	CISCO SYSTEMS INC	100.0	0.0	Directed	79.99
GB09089774	NL33283209	100.0	0.0	Directed	99.99
GB2-43834	CISCO SYSTEMS INC	100.0	100.0	Directed	100.0
GB2-43949	CISCO SYSTEMS INC	100.0	100.0	Directed	100.0
GB2-44016	CISCO SYSTEMS INC	100.0	100.0	Directed	100.0
GB2-44053	CISCO SYSTEMS INC	100.0	100.0	Directed	100.0
GBJE103352	CISCO SYSTEMS INC	100.0	0.0	Directed	50.01
GBSC136888	NL34282753	100.0	100.0	Directed	100.0
GBSC136888	CISCO SYSTEMS INC	0.0	50.01	Directed	50.01
GE2-44086	CISCO SYSTEMS INC	100.0	100.0	Directed	100.0
GR094497464	CISCO SYSTEMS INC	100.0	100.0	Directed	100.0
GR2-43858	CISCO SYSTEMS INC	100.0	0.0	Directed	50.01
GT*110006966883	CISCO SYSTEMS INC	100.0	0.0	Directed	50.01
HK0000204975	CISCO SYSTEMS INC	100.0	0.0	Directed	50.01
HK0000280336	CISCO SYSTEMS INC	100.0	0.0	Directed	50.01
HK0000280374	CISCO SYSTEMS INC	100.0	0.0	Directed	50.01
HR39410844220	NL33260847	100.0	100.0	Directed	100.0
HR39410844220	CISCO SYSTEMS INC	0.0	50.01	Directed	50.01
HU12317705	CISCO SYSTEMS INC	100.0	0.0	Directed	50.01
ID2-44072	CISCO SYSTEMS INC	100.0	0.0	Directed	50.01
ID2-44073	CISCO SYSTEMS INC	100.0	0.0	Directed	50.01
IE313769	CHCHE112248702	100.0	100.0	Directed	100.0
IE313769	CISCO SYSTEMS INC	0.0	50.01	Directed	50.01
IE314989	BM44370R	100.0	100.0	Directed	100.0
IE314989	CISCO SYSTEMS INC	0.0	50.01	Directed	50.01
IE485935	CISCO SYSTEMS INC	100.0	0.0	Directed	50.01
IL*271636200	SE5567019426	100.0	100.0	Directed	100.0
IL2-43964	CISCO SYSTEMS INC	100.0	100.0	Directed	100.0
IL2-44032	CISCO SYSTEMS INC	100.0	100.0	Directed	100.0
IL51-443-2004	CISCO SYSTEMS INC	100.0	0.0	Directed	50.01
IL53-220-2025	CISCO SYSTEMS INC	0.0	50.01	Directed	50.01
IL53-220-2025	SE5567019426	100.0	100.0	Directed	100.0
IL53-230-2973	CISCO SYSTEMS INC	0.0	50.01	Directed	50.01
IL53-230-2973	SE5567019426	100.0	100.0	Directed	100.0
IL53-243-1702	CISCO SYSTEMS INC	100.0	0.0	Directed	50.01
IL53-317-2318	CISCO SYSTEMS INC	0.0	50.01	Directed	50.01
IL53-317-2318	SE5567019426	100.0	100.0	Directed	100.0
IL60-015-8604	CISCO SYSTEMS INC	100.0	0.0	Directed	50.01
IL60-039-7737	CISCO SYSTEMS INC	100.0	0.0	Directed	50.01
IL60-041-8938	CISCO SYSTEMS INC	100.0	0.0	Directed	50.01
IN*903187387	CISCO SYSTEMS INC	100.0	0.0	Directed	50.01
IN*E00604388	DK20456078	100.0	100.0	Directed	100.0
IN*E00604388	CISCO SYSTEMS INC	0.0	50.01	Directed	50.01
IN0000400499	CISCO SYSTEMS INC	100.0	0.0	Directed	50.01
IN0000400502	CISCO SYSTEMS INC	100.0	0.0	Directed	50.01
IN0000400516	CISCO SYSTEMS INC	100.0	0.0	Directed	50.01
IN0000400521	CISCO SYSTEMS INC	0.0	50.01	Directed	50.01
IN0000400521	MU0000021752	100.0	100.0	Directed	100.0
IN0000400535	CISCO SYSTEMS INC	100.0	0.0	Directed	50.01
IN0000400549	CISCO SYSTEMS INC	100.0	0.0	Directed	50.01
IN0000400573	CISCO SYSTEMS INC	100.0	0.0	Directed	50.01
IN0000400587	CISCO SYSTEMS INC	100.0	0.0	Directed	50.01
IN0000400592	CISCO SYSTEMS INC	100.0	0.0	Directed	50.01
IN0000400604	CISCO SYSTEMS INC	100.0	0.0	Directed	50.01
IN0000400618	CISCO SYSTEMS INC	100.0	0.0	Directed	50.01
IN0000400623	CISCO SYSTEMS INC	100.0	0.0	Directed	50.01
IN0000400637	CISCO SYSTEMS INC	100.0	0.0	Directed	50.01
IN0002078204	NL33283209	100.0	100.0	Directed	100.0
IN0002078204	CISCO SYSTEMS INC	0.0	50.01	Directed	50.01
IN0002117599	CISCO SYSTEMS INC	100.0	0.0	Directed	50.01
IN0007100598	CISCO SYSTEMS INC	100.0	0.0	Directed	50.01
IN0008300142	CISCO SYSTEMS INC	100.0	0.0	Directed	50.01
IN0008935431	CISCO SYSTEMS INC	100.0	0.0	Directed	50.01
IN0009120014	CISCO SYSTEMS INC	100.0	0.0	Directed	50.01
IN0010025081	CISCO SYSTEMS INC	100.0	0.0	Directed	50.01
IN0012676989	CISCO SYSTEMS INC	100.0	0.0	Directed	50.01
IN0013061996	CISCO SYSTEMS INC	100.0	0.0	Directed	50.01
IN2-44110	CISCO SYSTEMS INC	100.0	100.0	Directed	100.0
IS5302061300	CISCO SYSTEMS INC	100.0	50.01	Directed	50.01
IT02753180138	CISCO SYSTEMS INC	100.0	50.01	Directed	50.01
IT03438700134	IE313769	100.0	100.0	Directed	100.0
IT03438700134	CISCO SYSTEMS INC	0.0	50.01	Directed	50.01
IT10978220159	NL34282753	100.0	100.0	Directed	100.0
IT10978220159	CISCO SYSTEMS INC	0.0	50.01	Directed	50.01
IT12755020158	NL34146659	100.0	100.0	Directed	100.0
IT12755020158	CISCO SYSTEMS INC	0.0	50.01	Directed	50.01
JM73261L	BM31185R	100.0	100.0	Directed	100.0
JM73261L	CISCO SYSTEMS INC	0.0	50.01	Directed	50.01
JO2-43893	CISCO SYSTEMS INC	100.0	0.0	Directed	50.01
JP*190621204663	CISCO SYSTEMS INC	100.0	0.0	Directed	50.01
JP*926367837	CISCO SYSTEMS INC	100.0	0.0	Directed	50.01
JP2-43926	CISCO SYSTEMS INC	100.0	0.0	Directed	50.01
JP2-44028	CISCO SYSTEMS INC	100.0	0.0	Directed	50.01
JP2-44114	CISCO SYSTEMS INC	100.0	100.0	Directed	100.0
JP2-44125	CISCO SYSTEMS INC	100.0	0.0	Directed	50.01
JP5010403006506	CISCO SYSTEMS INC	100.0	0.0	Directed	50.01
KR*923138719	CISCO SYSTEMS INC	100.0	0.0	Directed	50.01
KR1101111076135	CISCO SYSTEMS INC	100.0	0.0	Directed	50.01
KR1101112061359	CISCO SYSTEMS INC	100.0	0.0	Directed	50.01
KR1101140130051	CISCO SYSTEMS INC	100.0	100.0	Directed	100.0
KR1101140130069	CISCO SYSTEMS INC	100.0	100.0	Directed	100.0
KR2-43879	CISCO SYSTEMS INC	100.0	0.0	Directed	50.01
KR2-43917	CISCO SYSTEMS INC	100.0	0.0	Directed	50.01
KY*110001484887	CISCO SYSTEMS INC	100.0	0.0	Directed	50.01
KY2-43854	CISCO SYSTEMS INC	100.0	0.0	Directed	50.01
LT300647948	CISCO SYSTEMS INC	100.0	0.0	Directed	50.01
LULB78770	CHCHE112248702	100.0	100.0	Directed	100.0
LULB78770	CISCO SYSTEMS INC	0.0	50.01	Directed	50.01
LULB84844	LULB78770	100.0	100.0	Directed	100.0
LULB84844	CISCO SYSTEMS INC	0.0	50.01	Directed	50.01
LV000388182	NL34146659	100.0	100.0	Directed	100.0
LV000388182	CISCO SYSTEMS INC	0.0	50.01	Directed	50.01
MA276919-81	CISCO SYSTEMS INC	100.0	0.0	Directed	50.01
MK2-43970	CISCO SYSTEMS INC	100.0	0.0	Directed	50.01
MM000073480MMR	CISCO SYSTEMS INC	100.0	0.0	Directed	50.01
MU0000021747	CISCO SYSTEMS INC	100.0	0.0	Directed	50.01
MU0000021752	CISCO SYSTEMS INC	100.0	0.0	Directed	50.01
MU2-44013	CISCO SYSTEMS INC	100.0	100.0	Directed	100.0
MX*110006966878	CISCO SYSTEMS INC	100.0	0.0	Directed	50.01
MX112049IM	CISCO SYSTEMS INC	100.0	0.0	Directed	50.01
MXCSM9301219B4	CISCO SYSTEMS INC	100.0	0.0	Directed	50.01
MY366448-W	US245243999L	100.0	100.0	Directed	100.0
MY366448-W	CISCO SYSTEMS INC	0.0	50.01	Directed	50.01
MY682523-P	CISCO SYSTEMS INC	100.0	0.0	Directed	50.01
MY801007-A	CISCO SYSTEMS INC	100.0	0.0	Directed	50.01
MY843847-W	CISCO SYSTEMS INC	100.0	0.0	Directed	50.01
MY856533-X	NL34146659	100.0	100.0	Directed	100.0
MY856533-X	CISCO SYSTEMS INC	0.0	50.01	Directed	50.01
MZ*110006966894	CISCO SYSTEMS INC	100.0	0.0	Directed	50.01
NG2-43865	CISCO SYSTEMS INC	100.0	0.0	Directed	50.01
NG459266R	CISCO SYSTEMS INC	100.0	0.0	Directed	50.01
NL2-43867	CISCO SYSTEMS INC	100.0	100.0	Directed	100.0
NL33260847	BM44370R	100.0	100.0	Directed	100.0
NL33260847	US128046778L	0.0	99.0	Directed	99.0
NL33283209	NL34146659	100.0	100.0	Directed	100.0
NL33283209	CISCO SYSTEMS INC	0.0	50.01	Directed	50.01
NL33288138	US276463433L	100.0	100.0	Directed	100.0
NL33288138	CISCO SYSTEMS INC	0.0	50.01	Directed	50.01
NL34146659	CHCHE112248702	100.0	100.0	Directed	100.0
NL34146659	US128046778L	0.0	99.0	Directed	99.0
NL34184792	NL33288138	100.0	100.0	Directed	100.0
NL34184792	CISCO SYSTEMS INC	0.0	50.01	Directed	50.01
NL34193371	NL34146659	100.0	100.0	Directed	100.0
NL34193371	CISCO SYSTEMS INC	0.0	50.01	Directed	50.01
NL34206017	NL34146659	100.0	100.0	Directed	100.0
NL34206017	CISCO SYSTEMS INC	0.0	50.01	Directed	50.01
NL34282753	BM44370R	100.0	100.0	Directed	100.0
NL34282754	BM44370R	100.0	100.0	Directed	100.0
NL34282754	CISCO SYSTEMS INC	0.0	50.01	Directed	50.01
NL34284525	CISCO SYSTEMS INC	0.0	50.01	Directed	50.01
NL34284525	US2-43835	100.0	100.0	Directed	100.0
NL34286237	CISCO SYSTEMS INC	0.0	50.01	Directed	50.01
NL34286237	US*D00411618	100.0	100.0	Directed	100.0
NL34375812	US*D00393576	100.0	100.0	Directed	100.0
NL34375812	CISCO SYSTEMS INC	0.0	50.01	Directed	50.01
NL66713285	NL33283209	100.0	100.0	Directed	100.0
NO2-43869	CISCO SYSTEMS INC	100.0	100.0	Directed	100.0
NO912212955	CISCO SYSTEMS INC	100.0	50.01	Directed	50.01
NO979322437	NO994905376	100.0	100.0	Directed	100.0
NO979322437	CISCO SYSTEMS INC	0.0	50.01	Directed	50.01
NO994905376	BM44370R	100.0	100.0	Directed	100.0
NO994905376	CISCO SYSTEMS INC	0.0	50.01	Directed	50.01
NO998386063	NL34146659	100.0	100.0	Directed	100.0
NO998386063	CISCO SYSTEMS INC	0.0	50.01	Directed	50.01
NZ9429030371248	NL34282753	100.0	100.0	Directed	100.0
NZ9429030371248	CISCO SYSTEMS INC	0.0	50.01	Directed	50.01
NZ9429038865367	NL34282753	100.0	100.0	Directed	100.0
NZ9429038865367	CISCO SYSTEMS INC	0.0	50.01	Directed	50.01
OM1099211	CISCO SYSTEMS INC	100.0	0.0	Directed	50.01
PA255LRPP	CISCO SYSTEMS INC	100.0	0.0	Directed	50.01
PE20330011930	CISCO SYSTEMS INC	100.0	0.0	Directed	50.01
PH2-43990	CISCO SYSTEMS INC	100.0	0.0	Directed	50.01
PK0042414	CISCO SYSTEMS INC	100.0	0.0	Directed	50.01
PL012485650	NL33260847	100.0	100.0	Directed	100.0
PL012485650	CISCO SYSTEMS INC	0.0	50.01	Directed	50.01
PT504727060	NL33260847	100.0	100.0	Directed	100.0
PT504727060	CISCO SYSTEMS INC	0.0	50.01	Directed	50.01
QA*915102100	CISCO SYSTEMS INC	100.0	0.0	Directed	50.01
QA2-43872	CISCO SYSTEMS INC	100.0	100.0	Directed	100.0
RO10656208	NL33260847	79.16336819299197	0.0	Directed	95.0
RO10656208	CISCO SYSTEMS INC	20.836631807008043	50.01	Directed	50.01
RS20232196	NL34146659	100.0	100.0	Directed	100.0
RS20232196	CISCO SYSTEMS INC	0.0	50.01	Directed	50.01
RU*110001484922	CISCO SYSTEMS INC	100.0	0.0	Directed	50.01
RU17869794N	NL34146659	100.0	0.0	Directed	99.98
RU2-44035	CISCO SYSTEMS INC	100.0	100.0	Directed	100.0
RU2-44036	CISCO SYSTEMS INC	100.0	100.0	Directed	100.0
RU2-44038	CISCO SYSTEMS INC	100.0	100.0	Directed	100.0
RU37263697	NL34146659	79.99359923190782	0.0	Directed	99.98
RU37263697	CISCO SYSTEMS INC	20.00640076809217	50.01	Directed	50.01
RU84862913	NL34146659	79.99359923190782	0.0	Directed	99.98
RU84862913	CISCO SYSTEMS INC	20.00640076809217	50.01	Directed	50.01
RU97212401	NL34146659	79.99519980799232	0.0	Directed	99.99
RU97212401	CISCO SYSTEMS INC	20.004800192007682	50.01	Directed	50.01
SA*110154211139	CISCO SYSTEMS INC	100.0	0.0	Directed	50.01
SA*110154211145	CISCO SYSTEMS INC	100.0	0.0	Directed	50.01
SA0000087148	CISCO SYSTEMS INC	100.0	100.0	Directed	100.0
SE5565537684	CISCO SYSTEMS INC	100.0	50.01	Directed	50.01
SE5567019426	CISCO SYSTEMS INC	100.0	50.01	Directed	50.01
SG*901489434	CISCO SYSTEMS INC	100.0	0.0	Directed	50.01
SG199508520K	US245243999L	100.0	100.0	Directed	100.0
SG199508520K	CISCO SYSTEMS INC	0.0	50.01	Directed	50.01
SG2-44025	CISCO SYSTEMS INC	100.0	0.0	Directed	50.01
SG2-44101	CISCO SYSTEMS INC	100.0	100.0	Directed	100.0
SG200206805N	CISCO SYSTEMS INC	100.0	0.0	Directed	50.01
SG200408509N	SG199508520K	100.0	100.0	Directed	100.0
SG200408509N	CISCO SYSTEMS INC	0.0	50.01	Directed	50.01
SG201323058K	CISCO SYSTEMS INC	100.0	0.0	Directed	50.01
SK35744065	NL33260847	100.0	100.0	Directed	100.0
SK35744065	CISCO SYSTEMS INC	0.0	50.01	Directed	50.01
SN009920G	BE0447138227	100.0	100.0	Directed	100.0
SN009920G	CISCO SYSTEMS INC	0.0	50.01	Directed	50.01
SV2-43940	CISCO SYSTEMS INC	100.0	0.0	Directed	50.01
TH*110154211146	CISCO SYSTEMS INC	100.0	0.0	Directed	50.01
TH0105538100242	CISCO SYSTEMS INC	0.0	50.01	Directed	50.01
TH0105538100242	US*D00411618	100.0	100.0	Directed	100.0
TH0105547167737	CISCO SYSTEMS INC	100.0	0.0	Directed	50.01
TH0105555081153	CISCO SYSTEMS INC	100.0	0.0	Directed	50.01
TN2-43999	CISCO SYSTEMS INC	100.0	0.0	Directed	50.01
TNB153272003	CISCO SYSTEMS INC	100.0	0.0	Directed	50.01
TR1920217F	NL34146659	100.0	0.0	Directed	99.0
TR257583F	NL33260847	79.98078539690164	0.0	Directed	99.9
TR257583F	CISCO SYSTEMS INC	20.019214603098355	50.01	Directed	50.01
TT2-43907	CISCO SYSTEMS INC	100.0	0.0	Directed	50.01
TW53912815	CISCO SYSTEMS INC	100.0	0.0	Directed	50.01
TW97177159	CISCO SYSTEMS INC	100.0	0.0	Directed	50.01
US*110006966899	CISCO SYSTEMS INC	100.0	0.0	Directed	50.01
US*110006966920	CISCO SYSTEMS INC	100.0	0.0	Directed	50.01
US*110006966923	CISCO SYSTEMS INC	100.0	0.0	Directed	50.01
US*110006966931	CISCO SYSTEMS INC	100.0	0.0	Directed	50.01
US*110154211130	CISCO SYSTEMS INC	100.0	0.0	Directed	50.01
US*110154211134	CISCO SYSTEMS INC	100.0	0.0	Directed	50.01
US*110154211135	CISCO SYSTEMS INC	100.0	0.0	Directed	50.01
US*110154211144	CISCO SYSTEMS INC	100.0	0.0	Directed	50.01
US*110154211162	CISCO SYSTEMS INC	100.0	0.0	Directed	50.01
US*110154211163	CISCO SYSTEMS INC	100.0	0.0	Directed	50.01
US*110154211170	CISCO SYSTEMS INC	100.0	0.0	Directed	50.01
US*110154211174	CISCO SYSTEMS INC	100.0	0.0	Directed	50.01
US*110154211178	CISCO SYSTEMS INC	100.0	0.0	Directed	50.01
US*110154211179	CISCO SYSTEMS INC	100.0	0.0	Directed	50.01
US*110154211180	CISCO SYSTEMS INC	100.0	0.0	Directed	50.01
US*110154211183	CISCO SYSTEMS INC	100.0	0.0	Directed	50.01
US*110154211185	CISCO SYSTEMS INC	100.0	0.0	Directed	50.01
US*110154211186	CISCO SYSTEMS INC	100.0	0.0	Directed	50.01
US*110154211189	CISCO SYSTEMS INC	100.0	0.0	Directed	50.01
US*110154211190	CISCO SYSTEMS INC	100.0	0.0	Directed	50.01
US*110154211191	CISCO SYSTEMS INC	100.0	0.0	Directed	50.01
US*110154211192	CISCO SYSTEMS INC	100.0	0.0	Directed	50.01
US*110154211193	CISCO SYSTEMS INC	100.0	0.0	Directed	50.01
US*110175548674	DK14724788	100.0	100.0	Directed	100.0
US*110175548675	DK14724788	100.0	100.0	Directed	100.0
US*110175548676	DK14724788	100.0	0.0	Directed	99.0
US*1295069	CISCO SYSTEMS INC	100.0	0.0	Directed	50.01
US*190521510829	CISCO SYSTEMS INC	100.0	100.0	Directed	100.0
US*190521517803	CISCO SYSTEMS INC	100.0	0.0	Directed	50.01
US*190521521195	CISCO SYSTEMS INC	100.0	0.0	Directed	50.01
US*190521551101	CISCO SYSTEMS INC	100.0	100.0	Directed	100.0
US*198551673	CISCO SYSTEMS INC	100.0	0.0	Directed	50.01
US*901489390	CISCO SYSTEMS INC	100.0	0.0	Directed	50.01
US*903092698	CISCO SYSTEMS INC	100.0	0.0	Directed	50.01
US*903092700	CISCO SYSTEMS INC	100.0	0.0	Directed	50.01
US*903092732	CISCO SYSTEMS INC	100.0	0.0	Directed	50.01
US*903092759	CISCO SYSTEMS INC	100.0	0.0	Directed	50.01
US*903187303	CISCO SYSTEMS INC	100.0	0.0	Directed	50.01
US*915102085	CISCO SYSTEMS INC	100.0	0.0	Directed	50.01
US*915102092	CISCO SYSTEMS INC	100.0	0.0	Directed	50.01
US*915102127	CISCO SYSTEMS INC	100.0	0.0	Directed	50.01
US*915102142	CISCO SYSTEMS INC	100.0	0.0	Directed	50.01
US*923138735	CISCO SYSTEMS INC	100.0	0.0	Directed	50.01
US*926059826	CISCO SYSTEMS INC	100.0	0.0	Directed	50.01
US*926059916	CISCO SYSTEMS INC	100.0	0.0	Directed	50.01
US*926059985	CISCO SYSTEMS INC	100.0	0.0	Directed	50.01
US*926367833	CISCO SYSTEMS INC	100.0	0.0	Directed	50.01
US*929228879	CISCO SYSTEMS INC	100.0	100.0	Directed	100.0
US*B000082954	CISCO SYSTEMS INC	100.0	0.0	Directed	50.01
US*D00350711	CISCO SYSTEMS INC	100.0	0.0	Directed	50.01
US*D00389155	CISCO SYSTEMS INC	100.0	0.0	Directed	50.01
US*D00393576	CISCO SYSTEMS INC	100.0	0.0	Directed	50.01
US*D00411618	CISCO SYSTEMS INC	100.0	0.0	Directed	50.01
US043527533	CISCO SYSTEMS INC	100.0	0.0	Directed	50.01
US123041204L	CISCO SYSTEMS INC	100.0	0.0	Directed	50.01
US123045176L	CISCO SYSTEMS INC	100.0	0.0	Directed	50.01
US123443650L	CISCO SYSTEMS INC	100.0	0.0	Directed	50.01
US123620496L	CISCO SYSTEMS INC	100.0	0.0	Directed	50.01
US123649169L	CISCO SYSTEMS INC	100.0	0.0	Directed	50.01
US123736250L	CISCO SYSTEMS INC	100.0	0.0	Directed	50.01
US123792465L	US149111280L	100.0	0.0	Directed	50.01
US123986348L	US132943379L	100.0	0.0	Directed	50.01
US124031375L	CISCO SYSTEMS INC	100.0	0.0	Directed	50.01
US124039449L	CISCO SYSTEMS INC	100.0	0.0	Directed	50.01
US124041012L	CISCO SYSTEMS INC	100.0	0.0	Directed	50.01
US124117632L	CISCO SYSTEMS INC	100.0	0.0	Directed	50.01
US124153757L	CISCO SYSTEMS INC	100.0	0.0	Directed	50.01
US124167496L	CISCO SYSTEMS INC	100.0	0.0	Directed	50.01
US124216634L	CISCO SYSTEMS INC	100.0	0.0	Directed	50.01
US126005454L	CISCO SYSTEMS INC	100.0	0.0	Directed	50.01
US126309389L	CISCO SYSTEMS INC	100.0	0.0	Directed	50.01
US127168798L	CISCO SYSTEMS INC	100.0	0.0	Directed	50.01
US127347813L	CISCO SYSTEMS INC	100.0	0.0	Directed	50.01
US127494592L	CISCO SYSTEMS INC	100.0	0.0	Directed	50.01
US128046778L	CISCO SYSTEMS INC	100.0	0.0	Directed	50.01
US128515115L	CISCO SYSTEMS INC	100.0	100.0	Directed	100.0
US128927696L	CISCO SYSTEMS INC	100.0	0.0	Directed	50.01
US130230177L	CISCO SYSTEMS INC	100.0	0.0	Directed	50.01
US130416822L	CISCO SYSTEMS INC	100.0	0.0	Directed	50.01
US132943379L	CISCO SYSTEMS INC	100.0	0.0	Directed	50.01
US132999756L	CISCO SYSTEMS INC	100.0	0.0	Directed	50.01
US133246477L	US126005454L	100.0	0.0	Directed	50.01
US134686773L	US770548319	100.0	0.0	Directed	50.01
US136808318L	CISCO SYSTEMS INC	100.0	0.0	Directed	50.01
US136857701L	CISCO SYSTEMS INC	100.0	0.0	Directed	50.01
US136881367L	CISCO SYSTEMS INC	100.0	0.0	Directed	50.01
US137172112L	CISCO SYSTEMS INC	100.0	0.0	Directed	50.01
US137462711L	US124167496L	100.0	0.0	Directed	50.01
US141372508L	CISCO SYSTEMS INC	100.0	0.0	Directed	50.01
US141510290L	US132943379L	100.0	0.0	Directed	50.01
US144260924L	CISCO SYSTEMS INC	100.0	0.0	Directed	50.01
US145745435L	US770548319	100.0	0.0	Directed	50.01
US148028158L	CISCO SYSTEMS INC	100.0	0.0	Directed	50.01
US148193814L	CISCO SYSTEMS INC	100.0	0.0	Directed	50.01
US149111280L	US130416822L	100.0	0.0	Directed	50.01
US149154646L	CISCO SYSTEMS INC	100.0	0.0	Directed	50.01
US149158786L	CISCO SYSTEMS INC	100.0	0.0	Directed	50.01
US149171082L	CISCO SYSTEMS INC	100.0	0.0	Directed	50.01
US149772616L	US770548319	100.0	0.0	Directed	50.01
US150008567L	CISCO SYSTEMS INC	100.0	0.0	Directed	50.01
US150238333L	US262508264L	100.0	0.0	Directed	50.01
US161698128L	CISCO SYSTEMS INC	100.0	0.0	Directed	50.01
US161823345L	CISCO SYSTEMS INC	100.0	0.0	Directed	50.01
US165476382L	CISCO SYSTEMS INC	100.0	0.0	Directed	50.01
US169077432L	US124216634L	100.0	0.0	Directed	50.01
US184353216L	CISCO SYSTEMS INC	100.0	0.0	Directed	50.01
US185324475L	US770548319	100.0	0.0	Directed	50.01
US187881549L	CISCO SYSTEMS INC	100.0	0.0	Directed	50.01
US190682307L	US220237289L	100.0	0.0	Directed	50.01
US195444120L	CISCO SYSTEMS INC	100.0	0.0	Directed	50.01
US196500405L	US123045176L	100.0	0.0	Directed	50.01
US2-43828	CISCO SYSTEMS INC	100.0	0.0	Directed	50.01
US2-43835	CISCO SYSTEMS INC	100.0	0.0	Directed	50.01
US2-43839	CISCO SYSTEMS INC	100.0	100.0	Directed	100.0
US2-43841	CISCO SYSTEMS INC	100.0	100.0	Directed	100.0
US2-43842	CISCO SYSTEMS INC	100.0	100.0	Directed	100.0
US2-43853	CISCO SYSTEMS INC	100.0	0.0	Directed	50.01
US2-43859	CISCO SYSTEMS INC	100.0	0.0	Directed	50.01
US2-43866	CISCO SYSTEMS INC	100.0	0.0	Directed	50.01
US2-43873	CISCO SYSTEMS INC	100.0	0.0	Directed	50.01
US2-43875	CISCO SYSTEMS INC	100.0	100.0	Directed	100.0
US2-43897	CISCO SYSTEMS INC	100.0	0.0	Directed	50.01
US2-43922	CISCO SYSTEMS INC	100.0	0.0	Directed	50.01
US2-44006	CISCO SYSTEMS INC	100.0	0.0	Directed	50.01
US2-44007	CISCO SYSTEMS INC	100.0	100.0	Directed	100.0
US2-44009	CISCO SYSTEMS INC	100.0	0.0	Directed	50.01
US2-44012	CISCO SYSTEMS INC	100.0	0.0	Directed	50.01
US2-44017	CISCO SYSTEMS INC	100.0	0.0	Directed	50.01
US2-44019	CISCO SYSTEMS INC	100.0	0.0	Directed	50.01
US2-44022	CISCO SYSTEMS INC	100.0	100.0	Directed	100.0
US2-44023	CISCO SYSTEMS INC	100.0	100.0	Directed	100.0
US2-44026	CISCO SYSTEMS INC	100.0	0.0	Directed	50.01
US2-44029	CISCO SYSTEMS INC	100.0	0.0	Directed	50.01
US2-44033	CISCO SYSTEMS INC	100.0	100.0	Directed	100.0
US2-44034	CISCO SYSTEMS INC	100.0	100.0	Directed	100.0
US2-44040	CISCO SYSTEMS INC	100.0	0.0	Directed	50.01
US2-44042	CISCO SYSTEMS INC	100.0	100.0	Directed	100.0
US2-44043	CISCO SYSTEMS INC	100.0	0.0	Directed	50.01
US2-44060	CISCO SYSTEMS INC	100.0	100.0	Directed	100.0
US2-44061	CISCO SYSTEMS INC	100.0	100.0	Directed	100.0
US2-44064	CISCO SYSTEMS INC	100.0	0.0	Directed	50.01
US2-44067	CISCO SYSTEMS INC	100.0	100.0	Directed	100.0
US2-44069	CISCO SYSTEMS INC	100.0	0.0	Directed	50.01
US2-44070	CISCO SYSTEMS INC	100.0	0.0	Directed	50.01
US2-44071	CISCO SYSTEMS INC	100.0	0.0	Directed	50.01
US2-44074	CISCO SYSTEMS INC	100.0	0.0	Directed	50.01
US2-44075	CISCO SYSTEMS INC	100.0	0.0	Directed	50.01
US2-44076	CISCO SYSTEMS INC	100.0	0.0	Directed	50.01
US2-44077	CISCO SYSTEMS INC	100.0	100.0	Directed	100.0
US2-44078	CISCO SYSTEMS INC	100.0	100.0	Directed	100.0
US2-44080	CISCO SYSTEMS INC	100.0	0.0	Directed	50.01
US2-44081	CISCO SYSTEMS INC	100.0	0.0	Directed	50.01
US2-44083	CISCO SYSTEMS INC	100.0	0.0	Directed	50.01
US2-44088	CISCO SYSTEMS INC	100.0	0.0	Directed	50.01
US2-44092	CISCO SYSTEMS INC	100.0	100.0	Directed	100.0
US2-44093	CISCO SYSTEMS INC	100.0	0.0	Directed	50.01
US2-44098	CISCO SYSTEMS INC	100.0	0.0	Directed	50.01
US2-44099	CISCO SYSTEMS INC	100.0	100.0	Directed	100.0
US2-44105	CISCO SYSTEMS INC	100.0	100.0	Directed	100.0
US2-44107	CISCO SYSTEMS INC	100.0	100.0	Directed	100.0
US2-44108	CISCO SYSTEMS INC	100.0	100.0	Directed	100.0
US2-44111	CISCO SYSTEMS INC	100.0	100.0	Directed	100.0
US2-44113	CISCO SYSTEMS INC	100.0	100.0	Directed	100.0
US2-44116	CISCO SYSTEMS INC	100.0	100.0	Directed	100.0
US2-44117	CISCO SYSTEMS INC	100.0	100.0	Directed	100.0
US200014254L	CISCO SYSTEMS INC	100.0	0.0	Directed	50.01
US202765140L	CISCO SYSTEMS INC	100.0	0.0	Directed	50.01
US208080366L	US132943379L	100.0	0.0	Directed	50.01
US220237289L	CISCO SYSTEMS INC	100.0	0.0	Directed	50.01
US220721777L	US245207672L	100.0	0.0	Directed	50.01
US221362907L	CISCO SYSTEMS INC	100.0	0.0	Directed	50.01
US224318573L	US200014254L	100.0	0.0	Directed	50.01
US226226972L	CISCO SYSTEMS INC	100.0	100.0	Directed	100.0
US227691461L	US522289365	100.0	100.0	Directed	100.0
US228081440L	CISCO SYSTEMS INC	100.0	0.0	Directed	50.01
US229377374L	CISCO SYSTEMS INC	100.0	100.0	Directed	100.0
US230189588L	CISCO SYSTEMS INC	20.164509495584856	50.01	Directed	50.01
US230189588L	US128046778L	79.83549050441515	99.0	Directed	99.0
US231135731L	CISCO SYSTEMS INC	100.0	100.0	Directed	100.0
US245207672L	US580612397	100.0	0.0	Directed	50.01
US245243996L	CISCO SYSTEMS INC	100.0	0.0	Directed	50.01
US245243999L	CISCO SYSTEMS INC	100.0	0.0	Directed	50.01
US245885894L	CISCO SYSTEMS INC	100.0	100.0	Directed	100.0
US247130516L	US226226972L	100.0	0.0	Directed	50.01
US249629888L	CISCO SYSTEMS INC	100.0	0.0	Directed	50.01
US250607768L	CISCO SYSTEMS INC	100.0	0.0	Directed	50.01
US250828400L	CISCO SYSTEMS INC	100.0	0.0	Directed	50.01
US256293140L	CISCO SYSTEMS INC	100.0	100.0	Directed	100.0
US256576370L	CISCO SYSTEMS INC	100.0	0.0	Directed	50.01
US256841819L	US230189588L	100.0	0.0	Directed	50.01
US262411064L	CISCO SYSTEMS INC	100.0	100.0	Directed	100.0
US262508264L	CISCO SYSTEMS INC	100.0	0.0	Directed	50.01
US263278565L	CISCO SYSTEMS INC	100.0	100.0	Directed	100.0
US263800511L	CISCO SYSTEMS INC	100.0	100.0	Directed	100.0
US264135794L	US230189588L	100.0	0.0	Directed	50.01
US266047436L	CISCO SYSTEMS INC	100.0	0.0	Directed	50.01
US275623061L	US580612397	100.0	0.0	Directed	50.01
US276175361L	US256293140L	100.0	0.0	Directed	50.01
US276186059L	US123736250L	100.0	0.0	Directed	50.01
US276463433L	CISCO SYSTEMS INC	100.0	0.0	Directed	50.01
US279009587L	CISCO SYSTEMS INC	100.0	0.0	Directed	50.01
US280304720L	US230189588L	100.0	0.0	Directed	50.01
US280583030L	CISCO SYSTEMS INC	100.0	100.0	Directed	100.0
US280901843L	CISCO SYSTEMS INC	100.0	0.0	Directed	50.01
US282383393L	US580612397	100.0	0.0	Directed	50.01
US288996728L	US752094811	100.0	0.0	Directed	50.01
US522289365	CISCO SYSTEMS INC	100.0	100.0	Directed	100.0
US580612397	CISCO SYSTEMS INC	100.0	0.0	Directed	50.01
US752094811	CISCO SYSTEMS INC	100.0	0.0	Directed	50.01
US770548319	CISCO SYSTEMS INC	100.0	0.0	Directed	50.01
UY*110001484947	CISCO SYSTEMS INC	100.0	0.0	Directed	50.01
VE2-43987	CISCO SYSTEMS INC	100.0	0.0	Directed	50.01
VN2-43988	CISCO SYSTEMS INC	100.0	0.0	Directed	50.01
YY2-43877	CISCO SYSTEMS INC	100.0	100.0	Directed	100.0
YY2-43933	CISCO SYSTEMS INC	100.0	100.0	Directed	100.0
YY2-43961	CISCO SYSTEMS INC	100.0	100.0	Directed	100.0
YY2-43986	CISCO SYSTEMS INC	100.0	0.0	Directed	50.01
YY2-44089	CISCO SYSTEMS INC	100.0	100.0	Directed	100.0
YY2-44090	CISCO SYSTEMS INC	100.0	100.0	Directed	100.0
ZA199400976007	CISCO SYSTEMS INC	100.0	0.0	Directed	50.01
ZA2-44066	CISCO SYSTEMS INC	100.0	100.0	Directed	100.0
ZA200601176707	CISCO SYSTEMS INC	100.0	0.0	Directed	50.01
ZA200700536207	CISCO SYSTEMS INC	100.0	0.0	Directed	50.01
