Id	Label	Country	turnover	employees	assets	profit_before_tax	profit_after_tax
YY*Q000-750943	EMC CORPORATION	US					
SE5563696631	DELL AKTIEBOLAG	US	41	186.0	43	6.0	4.0
US270463349	SECUREWORKS CORP.	US	430	2306.0	999	-63.0	-38.0
AU605421583	SECUREWORKS AUSTRALIA PTY. LTD.	US	6		5	0.0	0.0
GB09546890	SECUREWORKS EUROPE LIMITED	US	32	193.0	35	1.0	1.0
US149190175L	SECUREWORKS INC	US					
US259273253L	SECURE WORKS	US					
IN0015211076	SECUREWORKS INDIA PRIVATE LIMITED	US					
JP8010401118267	SECUREWORKS JAPAN K.K.	US					
FR812400893	SECUREWORKS SAS	US	1		2	0.0	0.0
US943292913	VMWARE, INC.	US	7093	19900.0	16643	1473.0	1186.0
US*Z00041022	ARKIN NET INC.	US					
US250764329L	CLOUDVOLUMES INC	US					
US243503096L	CRITTERCISM INC	US	0	1.0			
US224672753L	DYNAMICOPS LLC	US					
NL34312777	IMMIDIO B.V.	US		2.0	11		
US129008669L	MOMENTUM SOFTWARE INC	US	8	75.0			
US129008668L	MOMENTUM SOFTWARE	US					
US163407240L	PACKETMOTION INC	US	3	15.0			
US231275468L	SOCIALCAST INC	US					
US240398660L	THIRD SKY INC	US	3	7.0			
IE402208	VMWARE INTERNATIONAL LIMITED	US	3461	773.0	3230	72.0	5.0
GB07520038	AIRWATCH UK LIMITED	US	43	270.0	13	2.0	2.0
BG200341975	VMWARE BULGARIA EOOD	US	38	610.0	18	-8.0	-8.0
DK30582705	VMWARE DENMARK APS	US	9	34.0	4	0.0	0.0
IT05948160964	VMWARE ITALY S.R.L.	US	25	98.0	9	1.0	0.0
SE5567122188	VMWARE SWEDEN AB	US	12	45.0	5	1.0	0.0
CHCHE108590014	VMWARE SWITZERLAND GMBH	US		35.0			
GB06001046	VMWARE UK LIMITED	US	158	515.0	155	1.0	-1.0
NZ9429041975121	VMWARE NZ COMPANY	US					
IN0005424518	VMWARE SOFTWARE INDIA PRIVATE LIMITED	US	171		88	21.0	13.0
US2-46501	VMWARE GLOBAL INC	US					
IE417840	VMWARE BERMUDA LIMITED	US	1906		5565	847.0	847.0
IE454020	VMWARE INTERNATIONAL MARKETING LIMITED	US	25	3.0	71	4.0	3.0
FR451782684	VMWARE FRANCE	US	82	206.0	40	6.0	2.0
AT9110622134	VMWARE MARKETING AUSTRIA GMBH	US			2		
NL30241275	VMWARE NETHERLANDS B.V.	US	22	79.0	9	1.0	1.0
ESB85579464	VMWARE SPAIN SL	US	13	73.0	4	0.0	-1.0
US280682060L	DYNAMIC OPS LLC	US					
US184528689L	DYNAMICOPS LLC	US					
US263059427L	INTEGRALNET MARKETING INC	US					
US123400849L	INTEGRALNET MARKETING INC	US					
US169721946L	INTEGRALNET MARKETING INC	US					
US240398435L	MOMENTUM SOFTWARE INC	US					
US224182928L	NICIRA NETWORKS	US					
US253159313L	NICIRA NETWORKS, INC.	US					
US257622791L	SKY SOCKET LLC	US					
US231527003L	AIRWATCH	US					
US228218549L	SPRINGSOURCE GLOBAL, INC.	US					
US128199641L	GEMSTONE SYSTEMS INC	US					
US168358692L	SPRINGSOURCE INC	US					
US279013346L	SPRINGSOURCE	US					
US205947321L	SPRINGSOURCE INC	US					
US230943371L	TRICIPHER, INC.	US					
US123928422L	VM WARE	US					
US242358815L	VMWARE INC	US					
US228915656L	VMWARE SHEILA BRAMBILL	US					
US*1550050246	3401 HILLVIEW LLC	US					
US*110136984736	A.W.S. HOLDING, LLC	US					
IN0000661305	AIRWATCH TECHNOLOGIES INDIA PRIVATE LIMITED	US					
US*190521507741	NICIRA, INC.	US					
TW24977042	TAIWAN VMWARE INFORMATION TECHNOLOGY LLC	US					
TH*110136984745	VMWARE (THAILAND) CO., LTD.	US					
AU122677089	VMWARE AUSTRALIA PTY LTD	US	86		32	-2.0	-3.0
CR3102654900	VMWARE COSTA RICA LIMITADA	US					
AM*1550050253	VMWARE EASTERN EUROPE	US					
HK0007829058	VMWARE HONG KONG LIMITED	US					
CN9367124413	VMWARE INFORMATION TECHNOLOGY (CHINA)CO.,LTD	US	160		71	16.0	12.0
IL51-463-2707	VMWARE ISRAEL LTD	US					
JP2010401071174	VMWARE K.K.	US					
KR*110136984741	VMWARE KOREA CO., LTD.	US					
MY*110136984742	VMWARE MALAYSIA SDN. BHD.	US					
AE*110007618767	VMWARE MIDDLE EAST FZ-LLC	US					
SG200307789E	VMWARE SINGAPORE PTE. LTD.	US					
BR19758880000198	VMWARE SOFTWARE E SERVICOS BRASIL LTDA.	US	1	151.0			
TR*110136984746	VMWARE TURKEY SOFTWARE SOLUTIONS AND SERVICES COMPANY LIMITED	US					
JP*110136984747	VMWARE VCLOUD SERVICE G.K.	US					
US*110136984748	WANDERING WIFI, LLC	US					
IL53-236-6817	WANOVA TECHNOLOGIES LTD	US					
US742487834	DELL, INC.	US	56940	111300.0	47540	2841.0	2372.0
FR388515801	26 EME AVENUE	US	<0,5	10.0	0	0.0	0.0
IN2-147651	ACS (INDIA) LTD	US					
AU2-147612	ALIENWARE CORP (PACIFIC RIM) PTY LTD	US					
US2-147737	ALIENWARE LABS CORP.	US					
CR2-147631	ALIENWARE LATINOAMERICA SA	US					
US2-147738	ALIENWARE RETAIL CORP	US					
US130251419L	ASAP SOFTWARE EXPRESS INC	US	18	15.0			
FR2-147637	ASAP SOFTWARE SAS	US					
US2-147740	BRACKNELL BOULEVARD (BLOCK C) LLC	US					
SA2-147710	BRANCH OF DELL (FREE ZONE CO LLC)	US					
US2-147741	CPS CHANNEL PARTNER SOLUTIONS L.P.	US					
US129315245L	DCC EXECUTIVE SECURITY INC	US					
TH2-147726	DELL (THAILAND) CO LTD	US					
SE2-147721	DELL A.B.	US					
USLEI425159	DELL AMERICA LATINA CORP.	US					
US2-147744	DELL ASSET REVOLVING TRUST	US					
US2-147745	DELL ASSET SECURITIZATION GP LLC	US					
US2-147746	DELL ASSET SECURITIZATION L.P.	US					
PH2-147699	DELL CATALOG SALES L.P.: REP OFFICE	US					
US2-147747	DELL COLOMBIA INC	US					
CO2-147630	DELL COLOMBIA INC COLOMBIA BRANCH	US					
BR72381189000110	DELL COMPUTADORES DO BRASIL LTDA	US	307	1001.0			
US2-147748	DELL COMPUTER DE CHILE CORP.	US					
GBGE000091	DELL COMPUTER EEIG	US					
PT2-147704	DELL COMPUTER HOLDING I SGPS UNIPESSOAL LDA	US					
PT2-147705	DELL COMPUTER HOLDING II SGPS UNIPESSOAL LDA	US					
US2-147749	DELL COMPUTER HOLDINGS CORP.	US					
US2-147750	DELL COMPUTER HOLDINGS L.P.	US					
US2-147751	DELL COMPUTER INDIA CORP.	US					
IE165990	DELL COMPUTER LIMITED	US	151	4700.0	92	4.0	4.0
MXDCS971211TUA	DELL COMPUTER SERVICES MEXICO SA	US		568.0			
USLEI16680	DELL CONDUIT FUNDING L.P.	US					
US2-147753	DELL CONDUIT GP LLC	US					
GB2-147733	DELL CORP LTD	US					
IE2-147657	DELL CORP LTD - NORTHERN IRELAND PLACE OF BUSINESS	US					
US2-147754	DELL CREDIT CO LLC	US					
US253211084L	DELL DFS CORP	US					
USAK-3910PF	DELL FINANCIAL SERVICES LLC	US					
HU14158632	DELL DFS HOLDINGS KORLÁTOLT FELELOSSÉGU TÁRSASÁG	US			472	-18.0	-18.0
US2-147756	DELL DFS HOLDINGS LLC	US					
GH2-147645	DELL DISTRIBUTION (EMEA) LTD EXTERNAL CO (GHANA)	US					
MA122225-81	DELL DISTRIBUTION MAROC	US					
US2-147757	DELL EASTERN EUROPE CORP	US					
SV2-147634	DELL EL SALVADOR S.A. DE C.V.	US					
RU2-147708	DELL EMERGING MARKETS (EMEA) LTD (RUSSIA REPRESENTATIVE OFFICER	US					
US2-147758	DELL EQUIPMENT FUNDING L.P.	US					
US2-147759	DELL EQUIPMENT GP LLC	US					
USND-28490500	DELL EQUIPMENT FUNDING L.P.	US					
BB2-147616	DELL EXPORT SALES CORP	US					
US266789132L	DELL FEDERAL SYSTEMS GP LLC	US					
US256541579L	DELL FEDERAL SYSTEMS CORP	US					
USND-24320300	DELL FEDERAL SYSTEMS L.P.	US					
US2-147762	DELL FEDERAL SYSTEMS L.P.	US					
US2-147763	DELL FEDERAL SYSTEMS LP LLC	US					
IE310085	DELL FINANCIAL SERVICES INTERNATIONAL LIMITED	US			0	0.0	0.0
US2-147764	DELL FUNDING LLC	US					
US2-147765	DELL GEN. P. CORP.	US					
MY742481-H	DELL GLOBAL BUSINESS CENTER SDN BHD	US	186		84	10.0	10.0
US2-147766	DELL GLOBAL HOLDINGS GP LLC	US					
US2-147767	DELL GLOBAL HOLDINGS IV LLC	US					
KY2-147622	DELL GLOBAL HOLDINGS L.P.	US					
US2-147768	DELL GLOBAL HOLDINGS LLC	US					
US2-147769	DELL GLOBAL HOLDINGS LP LLC	US					
KY2-147623	DELL GLOBAL HOLDINGS LTD	US					
KY2-147624	DELL GLOBAL HOLDINGS V L.P.	US					
MY2-147674	DELL GLOBAL PROCUREMENT MALAYSIA SDN BHD	US					
IN0002341682	DELL INDIA PRIVATE LIMITED	US					
IN2-147653	DELL INDIA R&D CENTER PRIVATE LTD	US					
US2-147770	DELL INTERNATIONAL HOLDINGS I L:.L.C.	US					
US2-147771	DELL INTERNATIONAL HOLDINGS II LLC	US					
US2-147772	DELL INTERNATIONAL HOLDINGS III LLC	US					
CH2-147722	DELL INTERNATIONAL HOLDINGS KFT. ZURICH BRANCH	US					
HU14014855	DELL INTERNATIONAL HOLDINGS SZOLGÁLTATÓ KORLÁTOLT FELELOSSÉGU TÁRSASÁG	US	<0,5		19864	-563.0	-563.0
CHCHE328493705	DELL (SWITZERLAND) GMBH	US		4.0			
CHCHE106080920	DELL SA	US		160.0			
IE2-147660	DELL INTERNATIONAL HOLDINGS VI (IRELAND)	US					
IE2-147661	DELL INTERNATIONAL HOLDINGS VII (IRELAND)	US					
IE396569	DELL INTERNATIONAL HOLDINGS XI	US			<0,5	0.0	0.0
NL34262848	DELL INTERNATIONAL HOLDINGS XII COOPERATIEF U.A.	US		1.0	5691		
NL33287688	DELL INTERNATIONAL HOLDINGS VIII B.V.	US		1.0	23937		
NL33226753	DELL B.V.	US	232	531.0	155	10.0	8.0
NL34187518	DELL TAIWAN B.V.	US	146	951.0	75	15.0	12.0
NL33250997	DELL INTERNATIONAL HOLDINGS IX B.V.	US		1.0	673		
GB02081369	DELL CORPORATION LIMITED	US	352	1921.0	242	14.0	9.0
GB03715044	BRACKNELL BOULEVARD MANAGEMENT COMPANY LIMITED	US	0		0	0.0	0.0
GB03266654	DELL EMERGING MARKETS (EMEA) LIMITED	US	32	80.0	57	1.0	1.0
DE6070471749	DELL GMBH	US	172	611.0	139	20.0	12.0
DE3130270829	DELL HALLE GMBH	US	84	1022.0	24	7.0	5.0
LULB114786	DELL SARL	US	2	4.0	2	0.0	0.0
NL33226138	DELL PRODUCTS (EUROPE) B.V.	US		1.0	21076		
NL33238739	DELL GLOBAL B.V.	US	37187	878.0	21472	2567.0	2547.0
NL24169365	DELL GLOBAL HOLDINGS III B.V.	US			117		
NL33243563	DELL ASIA B.V.	US			2		
NL24235735	DELL GLOBAL INTERNATIONAL B.V.	US		1.0	1		
SG200720227K	DELL ASIA HOLDINGS PTE. LTD.	US	502		713	502.0	476.0
CN9366692445	DELL (CHENGDU) COMPANY LIMITED	US	3591	600.0	1292	35.0	81.0
CN9360056545	DELL (CHINA) CO., LTD.	US	1522	3000.0	2231	16.0	37.0
CN9360003250	DELL (XIAMEN) COMPANY LIMITED	US	1009	1800.0	491	14.0	20.0
CN2-147629	DELL PROCUREMENT (XIAMEN) CO LTD	US					
SK35848481	DELL, S.R.O.	US	91		99	7.0	5.0
IE427761	DELL PRODUCTS MANUFACTURING UNLIMITED COMPANY	US	243	2486.0	116	-59.0	-53.0
MY850617-T	DELL SALES MALAYSIA SDN BHD	US	244	60.0	76	3.0	3.0
DE6070380898	DELL SERVICES GMBH	US		1.0	2		
IE371589	NTT DATA SERVICES IRELAND LIMITED	US	33	123.0	21	6.0	5.0
RO35668240	DELL TECHNOLOGY SRL	US	2	123.0	3	0.0	0.0
IE191034	DELL PRODUCTS	US	10041	846.0	3244	5.0	-1.0
PL140663380	DELL PRODUCTS (POLAND) SP. Z O.O.	US	34		158	3.0	2.0
NL33305952	DELL GLOBAL HOLDINGS II B.V.	US		1.0	116		
IT12289830155	DELL S.P.A.	US	49	232.0	32	4.0	3.0
TR509203F	DELL TEKNOLOJI LIMITED SIRKETI	US	124		56		
RU80878952	DELL LIMITED LIABILITY COMPANY	US	238	1829.0	62	5.0	2.0
UA35077983	DELL UKRAINA TOV	US	1	10.0	1	0.0	0.0
CZ45272808	DELL COMPUTER , S.R.O.	US	15		8	2.0	2.0
NL34202419	DELL INTERNATIONAL HOLDINGS X B.V.	US		1.0	324		
FR500789235	DELL INTERNATIONAL HOLDINGS SAS	US	<0,5		237	-5.0	-4.0
FR351528229	DELL	US	1491	1401.0	580	26.0	15.0
BE0447550278	DELL	US	35	148.0	25	2.0	1.0
KR1101111200247	DELL INTERNATIONAL INC.	US	326	277.0	130	4.0	3.0
CL770999804	DELL COMPUTER DE CHILE LTDA	US					
US2-147773	DELL INTERNATIONAL INCORPORATED	US					
IN0002341732	DELL INTERNATIONAL SERVICES INDIA PRIVATE LIMITED	US	2066		1210	78.0	51.0
PHCS200512147	DELL INTERNATIONAL SERVICES PHIL., INC.	US	1		1	0.0	0.0
JP9020001071212	DELL K.K.	US					
HU13948313	DELL MAGYARORSZÁG MUSZAKI MEGOLDÁSOK KERESKEDELMI KORLÁTOLT FELELOSSÉGU TÁRSASÁG	US	2	12.0	1	0.0	0.0
US266386799L	DELL MARKETING GP LLC	US					
USND-27071700	DELL MARKETING L.P.	US					
US2-147776	DELL MARKETING L.P.	US					
US2-147777	DELL MARKETING LP LLC	US					
US2-147778	DELL MARKETING USA GP LLC	US					
US2-147780	DELL MARKETING USA LP LLC	US					
PA294LRPP	DELL PANAMA S. DE R.L	US					
PE20510430655	DELL PERU SAC	US	25	33.0			
KY2-147625	DELL PROCUREMENT INTERNATIONAL	US					
US2-147782	DELL PRODUCTS GP LLC	US					
US2-147784	DELL PRODUCTS LP LLC	US					
US2-147785	DELL PROTECTIVE SERVICES INC	US					
US113022-111	DELL PUERTO RICO CORP	US					
CA2-147621	DELL QUEBEC INC	US					
US2-147786	DELL RECEIVABLES CORP	US					
US268614074L	DELL RECEIVABLES GP LLC	US					
US2-147788	DELL RECEIVABLES L.P.	US					
US2-147789	DELL RECEIVABLES LP LLC	US					
US2-147790	DELL REVOLVER CO L.P.	US					
US2-147791	DELL REVOLVER FUNDING LLC	US					
US2-147792	DELL REVOLVER GP LLC	US					
MA2-147678	DELL SAS	US					
US2-147793	DELL SERVICES CORP	US					
US2-147794	DELL SERVICES GP LLC	US					
US2-147795	DELL SERVICES L.P.	US					
US2-147796	DELL SERVICES LP LLC	US					
PL010562374	DELL SP. Z O.O.	US	337		168	6.0	4.0
AU2-147718	DELL ST. LUCIA	US					
IL53-199-2266	DELL TECHNOLOGY & SOLUTIONS ISRAEL LTD	US		120.0			
GR999845851	DELL TECHNOLOGY PRODUCTS & SERVICES S.A.	US	66	29.0	40	1.0	1.0
CR3102374070	DELL TECHNOLOGY SERVICES INC SOCIEDAD DE RESPONSABILIDAD LIMITADA	US					
TR2-147728	DELL TEKNOLOJI LTD SIRKETI	US					
TT2-147727	DELL TRINIDAD AND TOBAGO LTD	US					
US2-147797	DELL USA CORP	US					
US2-147798	DELL USA GP LLC	US					
US262524374L	DELL USA LP	US					
US2-147800	DELL USA LP LLC	US					
VE2-147810	DELL VENEZUELA	US					
US2-147801	DELL VENTURES CORP	US					
US2-147802	DELL VENTURES L.P.	US					
US256354418L	DELL WORLD TRADE CORP	US					
US2-147804	DELL WORLD TRADE GP LLC	US					
US2-147805	DELL WORLD TRADE L.P.	US					
US2-147806	DELL WORLD TRADE LP LLC	US					
NL53273281	DFS B.V.	US			387		
IE502362	DELL BANK INTERNATIONAL LIMITED	US	33	125.0	668	-40.0	-36.0
US*190521510360	ENSTRATIUS, INC.	US					
CA2-147620	EQUALLOGIC CANADA	US					
JP2-147671	EQUALLOGIC JAPAN CO LTD	US					
US2-147807	EQUALOGIC INC	US					
UA2-147729	LLC DELL UKRAINE	US					
FI08444327	OY DELL AB	US	19	92.0	18	2.0	1.0
US2-147809	PLURAL ACQUISITION I INC	US					
FR348716267	SCI NEW-TECH	US					
FR*D00260858	SIMAN SCI	US					
ESA80022734	DELL COMPUTER SA	US	27	206.0	18	3.0	2.0
AT9110158845	DELL GESELLSCHAFT MBH	US			10		
IE191033	DELL DIRECT	US	139	1107.0	196	5.0	4.0
US131390426L	ALIENWARE CORP	US					
US131301187L	ALIENWARE	US					
US168719232L	BOOMI INC	US					
US258863915L	MANYWHO	US	0	1.0			
US245246174L	CLERITY SOLUTIONS INC	US					
US371434895	COMPELLENT TECHNOLOGIES, INC.	US	125	387.0	174	6.0	5.0
US042680009	EMC CORP	US	24704	72000.0	46612	2882.0	1990.0
CA2-46392	6027270 CANADA INC	US					
US2-46393	900 WEST PARK DRIVE LLC	US					
US*907135369	AVESKA	US					
AU2-46463	BROOME TECHNOLOGY AUSTRALIA PTY LTD	US					
CA275123474L	CLOUDLINK TECHNOLOGIES INC	US					
AR2-46396	DATA GENERAL ARGENTINA SA	US					
YY2-75724	DATA GENERAL BVI LTD	US					
AT2-46399	DATA GENERAL GESELLSCHAFT MBH	US					
US2-75769	DATA GENERAL INTERNATIONAL INC	US					
US2-75770	DATAGEN INC	US					
US2-75771	DOCUMENTUM CANADA HOLDINGS INC	US					
BR2-46407	DOCUMENTUM CONSULTORIA DE INFORMATICA DO BRAZIL LTD	US					
US2-75772	DOCUMENTUM FSC	US					
BB2-46408	DOCUMENTUM FSC	US					
DE8330246247	DOCUMENTUM GMBH	US	18	69.0			
ES2-46410	DOCUMENTUM IBERIA SL	US					
US142690566L	DOCUMENTUM INTERNATIONAL INC	US					
BB2-46412	DOCUMENTUM IRELAND HOLDINGS LTD	US					
IE339931	DOCUMENTUM IRELAND LIMITED	US	51		34	0.0	0.0
IT03700890969	DOCUMENTUM ITALIA SRL	US	5	5.0	3	0.0	0.0
MX2-46415	DOCUMENTUM MEXICO SA DE CV	US					
FR438023525	DOCUMENTUM SARL	US	23	54.0	13	0.0	1.0
DE2-46419	DOLPHIN ORGANISATIONSBERATUNG UND IT-PROJEKTE GMBH	US					
US*904566990	ELECTRON MERGER CORP	US					
GI2-46454	EMC (GIBRALTAR) LTD	US					
CL879867002	EMC CHILE S A	US					
IL2-46424	EMC COMPUTER STORAGE SYSTEMS (SALES AND SERVICES) LTD	US					
CN9360917780	EMC COMPUTER SYSTEMS (BEIJING) CO., LTD.	US	172		105	8.0	9.0
CHCHE106103283	EMC COMPUTER SYSTEMS AG	US		75.0			
MXECS990412CZ6	EMC COMPUTER SYSTEMS MEXICO SA DE CV	US	0	13.0			
SE5562982115	EMC COMPUTER-SYSTEMS (SVENSKA) AB	US	22	99.0	14	0.0	0.0
FR2-46404	EMC DANTZ DEVELOPMENT EUROPE	US					
IN0008672421	EMC DATA STORAGE SYSTEMS (INDIA) PRIVATE LIMITED	US					
PE20100129532	EMC DEL PERU SA	US	18	21.0			
BE0413693716	EMC INFORMATION SYSTEMS	US	46	153.0	57	2.0	1.0
US*L000000433594	EMC INVESTMENT CORPORATION	US					
HU12676905	EMC MAGYARORSZÁG KERESKEDELMI ÉS SZOLGÁLTATÓ KORLÁTOLT FELELOSSÉGU TÁRSASÁG	US	2	16.0	2	0.0	0.0
US2-75775	EMC PUERTO RICO INC	US					
FR420878175	FILEPOOL	US					
US2-46465	FLANDERS ROAD HOLDINGS LLC	US					
KR1101111187536	HANKOOK EMC COMPUTER SYSTEMS CHUSIK HOESA CO.,LTD.	US	13	434.0	93	0.0	0.0
GR999841711	INFORMATION SYSTEMS EMC HELLAS S.A.	US	6	28.0	13	0.0	0.0
KY2-46469	LEGATO GLOBAL INC	US					
CA2-46471	LEGATO SYSTEMS (CANADA) COMPANY	US					
MX*D00336265	LEGATO SYSTEMS DE MEXICO S DE RL DE CV	US					
BR2-46473	LEGATO SYSTEMS DO BRASIL LTDA	US					
AT9110329652	LEGATO SYSTEMS GMBH	US	2	7.0			
CN*D00336263	LEGATO SYSTEMS H.K. LIMITED	US					
IN2-46477	LEGATO SYSTEMS INDIA PRIVATE LTD	US					
JP2-46478	LEGATO SYSTEMS KK	US					
PL016456070	LEGATO SYSTEMS POLSKA SP. Z O.O. W LIKWIDACJI	US		7.0			
SE5565514295	LGTO SYSTEM AB	US	2	4.0	1	0.0	0.0
RU72439486	LIMITED LIABILITY COMPANY EMC ST. PETERSBURG DEVELOPMENT CENTRE	US	15	197.0	3	1.0	0.0
VG2-46486	MCDATA INTERNATIONAL INC	US					
JP2-46488	OTG SOFTWARE KK	US					
YY2-46489	SMART STORAGE GLOBAL LTD	US					
IN2-46490	SMART STORAGE PVT LTD	US					
AU2-46497	SOFTWORKS INTERNATIONAL PTY LTD	US					
BR01838563000116	SOFTWORKS SAVANTECHNOLOGY DO BRASIL LTDA	US		4.0			
AU2-46491	SYSTEM MANAGEMENT ARTS (AUSTRALIA) PTY LTD	US					
DE2-46493	SYSTEM MANAGEMENT ARTS (GERMANY) GMBH	US					
AU2-46500	TENTH MOUNPRO PTY LTD	US					
US*1550180374	THE CLOUDSCALING GROUP INC	US					
US230243159L	TWINSTRATA INC	US	0	7.0			
US257959424L	TWINSTRATA	US					
US240839027L	TWINSTRATA LLC	US					
KY2-46503	VMWARE INTERNATIONAL	US					
CA*CICI15613	WATCH4NET SOLUTIONS INC	US					
US2-46506	WOODLAND STREET PARTNERS INC	US					
VEJ305788758	EMC COMPUTER SYSTEM VENEZUELA SA	US					
MY425343-D	EMC COMPUTER SYSTEMS (MALAYSIA) SDN BHD	US	38		22	1.0	0.0
ZA199500645107	EMC COMPUTER SYSTEMS (S A) (PTY) LTD	US		196.0			
SG199406777D	EMC COMPUTER SYSTEMS (SOUTH ASIA) PTE. LTD.	US	120		56	1.0	0.0
AR30-69621600-9	EMC COMPUTER SYSTEMS ARGENTINA SA	US		175.0			
TR244279F	EMC COMPUTER SYSTEMS BILGISAYAR SISTEMLERI TICARET ANONIM SIRKETI	US		15.0			
BR01462017000123	EMC COMPUTER SYSTEMS BRASIL LTDA	US	243	451.0			
FR317705226	EMC COMPUTER SYSTEMS FRANCE	US	346	637.0	207	7.0	4.0
PL014878111	EMC COMPUTER SYSTEMS POLSKA SP. Z O.O.	US	20		15	1.0	1.0
IE200850	EMC COMPUTER-SYSTEMS IRELAND LIMITED	US	203	671.0	62	9.0	7.0
CZ26499223	EMC CZECH REPUBLIC, S.R.O.	US	8	75.0	4	0.0	0.0
TH0105536054111	EMC INFORMATION SYSTEMS (THAILAND) LTD	US	2		11	0.0	0.0
BM42619R	EMC GROUP 2	US					
IE464031	EMC INTERNATIONAL COMPANY	US					
IE461022	EMC INFORMATION SYSTEMS INTERNATIONAL	US					
AT9110259952	EMC COMPUTER SYSTEMS AUSTRIA GMBH	US	236	773.0	205	9.0	6.0
IE484306	VCE TECHNOLOGY SOLUTIONS LIMITED	US	506	236.0	354	-132.0	-132.0
FR534475116	VCE SOLUTIONS	US	8	25.0	2	1.0	0.0
NL53251296	VCE SOLUTIONS B.V.	US		10.0	2		
GB07362491	VCE SOLUTIONS LIMITED	US	42	91.0	16	2.0	2.0
DE6070619033	VCE TECHNOLOGY SOLUTIONS GMBH C/O WAPPENHALLE BUSINESS CENTER	US		1.0	2		
MTC45818	EMC INFORMATION SYSTEMS MALTA LIMITED	US	21		1306	0.0	0.0
IE465392	EMC IRELAND HOLDINGS	US					
NL30115829	EMC (BENELUX) B.V.	US		1.0	398		
NL30133891	EMC COMPUTER SYSTEMS (BENELUX) B.V.	US	9	238.0	87	-23.0	-22.0
IE548146	EMC INFORMATION SYSTEMS MANAGEMENT LIMITED	US	150	614.0	63	12.0	10.0
NO975959228	EMC COMPUTER-SYSTEMS AS	US	20	81.0	26	1.0	1.0
HK0000716878	EMC COMPUTER SYSTEMS (FE) LIMITED	US		150.0			
GB02051360	EMC COMPUTER SYSTEMS (U.K.) LIMITED	US	710	812.0	344	16.0	14.0
GB02598884	EMC CONSULTING (UK) LIMITED	US	23	38.0	41	9.0	8.0
DK18706245	EMC COMPUTER SYSTEMS DANMARK A/S	US	23	86.0	24	1.0	1.0
IT08970520154	EMC COMPUTER SYSTEMS ITALIA S.P.A.	US	109	464.0	93	6.0	4.0
ESA28639235	EMC COMPUTER SYSTEMS SPAIN SAU.	US	68	361.0	82	2.0	0.0
SE5561745638	EMC INFORMATION SYSTEMS SWEDEN AB	US	33	122.0	31	1.0	1.0
LULB122660	EMC LUXEMBOURG PSF SARL	US	5		11	0.0	0.0
NZ9429031709002	EMC NEW ZEALAND CORPORATION LIMITED	US	19		14	1.0	1.0
RU78966471	LIMITED LIABILITY COMPANY EMC INFORMATION SYSTEMS CIS	US	34	182.0	13	2.0	0.0
RU09780258	LIMITED LIABILITY COMPANY EMS RESEARCH AND DEVELOPMENT CENTRE	US					
US*B000086362	MOZY INC	US					
IE457577	MOZY HOLDINGS LIMITED	US			3	1.0	1.0
IE457375	MOZY INTERNATIONAL LIMITED	US	14	22.0	11	0.0	0.0
BM47491R	PIVOTAL GROUP 1 LTD	US					
IE525560	PIVOTAL SOFTWARE INTERNATIONAL HOLDINGS	US					
IE521517	PIVOTAL SOFTWARE INTERNATIONAL	US					
IT08177710962	GOPIVOTAL ITALIA S.R.L.	US	1	2.0	0	0.0	0.0
NL57348715	GOPIVOTAL NETHERLANDS B.V.	US		5.0	0		
ESB86685161	GOPIVOTAL SPAIN SL.	US					
DE6290289914	PIVOTAL SOFTWARE DEUTSCHLAND GMBH	US	2	15.0	2		
DE8171020880	COLOUROZ MANAGEMENT VERWALTUNGS GMBH	US		3.0			
FR791707961	PIVOTAL SOFTWARE FRANCE	US	3		1	0.0	0.0
JP2-46461	EMC JAPAN KK	US					
US133369804L	AVAMAR TECHNOLOGIES INC	US					
US126265718L	BUS TECH INC	US					
US770104275	CAPTIVA SOFTWARE CORPORATION	US	68	316.0	61	7.0	4.0
US130862900L	CAPTIVA CORP	US					
US131325879L	CAPTIVA SOFTWARE INC	US					
US142936631L	CAPTIVA SOFTWARE INC	US					
US178465104L	PIXEL	US					
US263017403L	PIXEL	US					
US127564963L	PIXEL LLC	US					
US149143166L	PIXEL TRANSLATIONS	US					
US146301877L	PIXEL INC	US					
US146344330L	PIXEL INC	US					
US160407525L	DATA DOMAIN	US					
US281081663L	DELL/EMC	US					
US149120608L	DIGITAL COMPUTER CONTROLS INC	US					
US134654349L	DOCUMENT SCIENCES CORP	US					
US330485994	DOCUMENT SCIENCES CORP	US	33	392.0	26	-1.0	-1.0
US129623138L	E MC	US					
US144116744L	E MC	US					
US130699166L	E MC CORP	US					
US144852099L	E MC CORP	US					
US267785144L	E MC CORP	US					
US295684358L	EMC	US					
US295639487L	EMC	US					
US243579911L	EMC 2	US					
US189721257L	EMC 2 CORP	US					
US147678712L	EMC A	US					
CA149120435L	EMC CANADA	US					
US123995800L	EMC COMPLIANCE MANAGEMENT GROUP	US					
US167269839L	EMC COMPONENT MANAGEMENT GROUP	US					
US272907503L	EMC COMPUTER SYSTEMS	US					
US169343541L	EMC CONSUMER/SMALL BUSINESS PRODUCTS	US					
US190578042L	I OMEGA CORP	US					
US860385884	IOMEGA CORP	US	337	243.0	205	11.0	10.0
US124075984L	CSCI INC	US					
US267267461L	CSCI	US					
US149108773L	IOMEGA MOBILE STORAGE DIVISION	US					
US149112717L	EMC CORP	US					
US165089808L	EMC INDUSTRIES INC	US					
US171537522L	EMC INTERNATIONAL	US					
US169514643L	EMC CORP - MOZY	US					
US145076112L	EMC CORP DAVID LANDEAU	US					
US199389876L	EMC CORP INC	US					
US168901515L	EMC CORP LOHMULLER	US					
CA132973227L	EMC CORP OF CANADA	US					
CA203420778L	EMC CORP OF CANADA FLOOR 14	US					
US273903398L	EMC CORP OF MASSACHUSETTS	US					
US245156384L	EMC CORP OF QUEENS	US					
US229425998L	EMC CORP PFIXER	US					
US224200631L	EMC CORP PFIXER	US					
US144323737L	EMC CORP SHELLEY THOMPSON 06	US					
US168920070L	EMC CORP STAHL	US					
US238297898L	EMC CORP TRUSTEE	US					
US168898872L	EMC CORP-KRASNICK	US					
US220028897L	EMC CORP/171	US					
US254647211L	EMC CORPORATION - SANTA CLARA	US					
US240584555L	EMC DATA COMPUTING DIVISION	US					
US129279567L	EMC ENTERPRISES INC	US					
US149147007L	EMC INTERNATIONAL HOLDINGS	US					
FI10319867	EMC COMPUTER-SYSTEMS OY	US	14	70.0	11	1.0	0.0
US283972091L	EMC INTERNATIONAL LLC	US					
US147598001L	EMC LTD INC	US					
US149193714L	EMC MICROSOFT PRACTICE	US					
US278256065L	EMC PARTNERS LLC	US					
US258364589L	EMC PARTNERS LLC	US					
US149120396L	EMC SALES & MARKETING DIVISION	US					
US148823333L	EMC2	US					
US148542552L	EMC2	US					
US912101027	ISILON SYSTEMS, INC.	US	124	356.0	118	-19.0	-19.0
US185882943L	LIKEWISE SOFTWARE INC	US	8	75.0			
US131864965L	ISILON SYSTEMS	US					
US231398465L	MAGINATICS INC	US					
US295566392L	MAGINATICS INC	US					
US123638774L	OBJECTIVA SOFTWARE SOLUTIONS	US					
US163234809L	PI CORP	US					
US275565875L	PIVOTAL SOFTWARE INC	US					
US042916506	RSA SECURITY INC	US	310	1282.0	658	45.0	42.0
US131621177L	ARCHER TECHNOLOGIES LLC	US					
US165674082L	NETWITNESS CORP	US					
US126501551L	NETWORK INTELLIGENCE CORP	US					
US142031917L	NETWORK INTELLIGENCE	US					
US223824701L	NETWORK INTELLIGENCE	US					
US145447055L	NETWORK INTELLIGENCE CO LLC	US					
US147820535L	NETWORK INTELLIGENCE INC	US					
US120396591L	NETWORK INTERNATIONAL INC	US					
US123992520L	NETWORK INTERNATIONAL INC	US					
US125800860L	NETWORKING INC	US					
US137599454L	NETWORKING INC	US					
US145626748L	NETWORKING INC	US					
US230934263L	RSA ARCHER	US					
US128387158L	RSA INC	US					
US146974650L	RSA INC	US					
US179767791L	RSA INC	US					
US270411680L	RSA INC	US					
US273637061L	RSA SECURITY LLC	US					
CA*190521471771	SILICIUM SECURITY INC	US					
US242848793L	THE CLOUDSCALING GROUP INC	US					
US240745586L	VCE CO LLC	US	38	175.0			
US249137333L	VCE COMPNAY LLC	US					
US208525416L	VIRTUSTREAM INC	US					
CA*190521473022	ENOMALY INC	US					
GB*908322938	NETWORK-I LTD	US					
US*190521541790	VIRTUSTREAM SECURITY SOLUTIONS, LLC	US					
GBJE100117	VIRTUSTREAM LIMITED	US					
IT09800570963	VIRTUSTREAM CLOUD SERVICES ITALIA S.R.L.	US					
DE6070669621	VIRTUSTREAM GERMANY GMBH	US		4.0			
IE433356	VIRTUSTREAM IRELAND LIMITED	US	7	52.0	20	-19.0	-19.0
IE574050	VIRTUSTREAM CLOUD SERVICES IRELAND UNLIMITED COMPANY	US					
GB03106821	VIRTUSTREAM UK LIMITED	US	21	97.0	37	2.0	1.0
US*L000000251109	EMC INTERNATIONAL US HOLDINGS INC	US					
US943412175	DATA DOMAIN LLC	US	0	175.0			
USAK-10002913	ISILON SYSTEMS LLC	US					
USAK-128504	RSA SECURITY LLC	US					
US*B000098758	SECUREWORKS INC	US					
US181533189L	COMPELLENT INTERNATIONAL	US					
US208212006L	COMPELLENT TECH	US					
US134898845L	DELL	US					
US240583973L	DELL - PALO ALTO	US					
US241632389L	DELL AE - ROBERT KOTZ	US					
US161820168L	DELL AE ALAN SCHWARTZMAN	US					
US173561412L	DELL AE AMANDRA ERIKSEN	US					
US161799618L	DELL AE DAVID BJURMAN BIR	US					
US161806542L	DELL AE DOMINICK PISANO	US					
US241628636L	DELL AE JERRY BAIGIS	US					
US165108813L	DELL AE PAUL C MOJICA	US					
US165173457L	DELL AE PAUL STUDER	US					
US173560452L	DELL AE R JASON ROSS	US					
US187075350L	DELL AE-HEATHER CALLAHAN	US					
US210006687L	DELL ASSET RECOVERY	US					
US129558316L	DELL ASSET RECOVERY SERVICE	US					
US239311091L	DELL AUSTIN	US					
US202307151L	DELL BUSINESS SOLUTIONS	US					
CA149108595L	DELL CANADA INC	US					
CA245246183L	MAKE TECHNOLOGIES INC.	US					
US192690906L	DELL CATALOG SALES USA LP	US					
US144313054L	DELL CO ASSOCIATES	US					
US238051097L	DELL COMPUTER CO	US					
US235219313L	DELL COMPUTER CORP	US					
US235552907L	DELL COMPUTER CORP RA	US					
US223735628L	DELL COMPUTER EXCHANGES	US					
US238403135L	DELL COMPUTER HOLDIN G CORP	US					
US235621394L	DELL COMPUTER INC	US					
US236322152L	DELL COMPUTER INC	US					
US186063510L	DELL COMPUTER SS	US					
US184453437L	DELL COMPUTERS AGENTI	US					
US235490291L	DELL COMPUTERS INC	US					
US161563188L	DELL CORE TRADING	US					
US133365965L	DELL DIRECT COMPUTER STORE	US					
US135869106L	DELL DIRECT SALES LP	US					
US145176131L	DELL DIRECT STORES	US					
US147567022L	DELL DIRECT STORES	US					
US230823254L	DELL EVENT & SUPPORT	US					
US129124028L	DELL FIELD SALES CORP	US					
US136018141L	DELL FINANCIAL	US					
US144740217L	DELL FINANCIAL	US					
US140058660L	DELL FINANCIAL GROUP	US					
US126006216L	DELL FINANCIAL LLC	US					
US146619010L	DELL FINANCIAL NETWORK	US					
US134976575L	DELL FINANCIAL SERCICES LP	US					
US235611797L	DELL GLOBAL PROCUREMENT MALAYSIA	US					
US259243421L	DELL INC	US					
US165216657L	DELL INC ASL WARRANTY	US					
US136235638L	DELL MARKETING CORP	US					
US191301105L	DELL MARKETING CORP	US					
US138966568L	DELL MARKETING CORP	US					
US202128972L	DELL MARKETING LP	US					
US*B000073053	WYSE INTERNATIONAL INC	US					
NL33234352	WYSE TECHNOLOGY INTERNATIONAL B.V.	US		3.0	1		
GB01945769	WYSE TECHNOLOGY (UK) LIMITED	US		1.0	1	0.0	0.0
DE8350276778	WYSE TECHNOLOGY GMBH	US		8.0	2		
US230387114L	DELL MARKETING USA LP	US					
US130102559L	DELL MARKETING VV	US					
US165229299L	DELL MARKING	US					
MXDME9204099R6	DELL MEXICO SA DE CV	US		1200.0			
US223854131L	DELL PRO	US					
US174436959L	DELL PRODUCTS CORP	US					
US129124033L	DELL PRODUCTS LP	US					
US146295332L	DELL PROFESSIONAL SERVICES	US					
US134780630L	DELL PROFESSIONAL SERVICES INC	US					
US243753317L	DELL SECUREWORKS INC	US					
US126106188L	DELL SERVICE INC	US					
US238411772L	DELL SERVICE SALES	US					
US253487015L	DELL SERVICES FEDERAL GOVERNMENT	US					
US241511057L	DELL SERVICES FEDERAL GOVERNMENT	US					
US243611144L	DELL SERVICES FEDERAL GOVERNMENT INC	US					
US243218936L	DELL SERVICES FEDERAL GOVERNMENT INC	US					
US236841911L	DELL SERVICES FEDERAL GOVERNMENT INC	US					
US247125281L	DELL SERVICES- MKS	US					
US128870544L	DELL WCA ACCOUNT	US					
US132920951L	EQUALLOGIC INC	US					
US123596464L	EVERDREAM CORP	US					
US132941337L	FORCE10 NETWORKS INC	US					
US123784940L	CARRIER ACCESS CORP	US					
US841208770	CARRIER ACCESS CORP	US	75	304.0	169	-15.0	-15.0
US134459526L	FORCE 10 NETWORK INC	US					
US201351900L	GALE TECHNOLOGIES, INC.	US					
US149130083L	HEALTH SYSTEMS DESIGN CORP	US					
US126002296L	HEALTH SYSTEM INC	US					
US242022080L	HEALTH SYSTEMS INTERNATIONAL	US					
US286389023L	HEALTH SYSTEMS INTERNATIONAL INC	US					
US130227430L	HEALTHSYSTEMS	US					
US123292889L	INSITE ONE INC	US					
US142562271L	INSITE ONE	US					
US229312226L	KACE NETWORKS INC	US					
US130266221L	LICENSE TECHNOLOGIES	US					
US128992782L	MADISON DELL RANCH APARTMENTS	US					
US128993296L	MESSAGEONE INC	US					
US241470221L	MESSAGE ONE INC	US					
US220705658L	NORTHWEST EXPRESS LOGISTICS	US					
US127310309L	PSCLP CORP	US					
US145786935L	RELAY FUNDING LLC	US					
US267248900L	SONICWALL	US					
US770270079	SONICWALL INC	US	201	819.0	453	20.0	13.0
US149161242L	AVENTAIL CORP	US					
US278594966L	AVENTAIL CORP	US					
US161549874L	SONIC WALL	US					
US266009657L	SONICWALL INC	US					
US128201761L	STATSOFT INC	US					
US132998238L	WYSE TECHNOLOGY INC	US					
CA*190521459804	RÉSEAUX TRELLIA INC	US					
US273682976L	WYSE TECHNOLOGY LLC	US					
CA*H00089484075	1397639 ONTARIO INC.	US					
CA*H00089484083	881229 ALBERTA ULC	US					
US128141317L	AELITA SOFTWARE	US	0	1.0			
US128317439L	AELITA SOFTWARE CORP	US					
US*110002001545	APPASSURE TECHNOLOGIES INC	US					
US*110002001546	AVENTAIL LLC	US					
US*110002001547	BAKBONE SOFTWARE INC	US					
GB03825597	BAKBONE SOFTWARE LIMITED	US			1	0.0	0.0
CN9364599877	BEARINGPOINT MANAGEMENT CONSULTING (SHANGHAI) CO., LTD.	US	6		8		
US*110002001548	BLUEFOLDER INC	US					
CA*1550156981	BOLTS ACQUISITION CORPORATION	US					
DE*1550086917	COMPELLENT TECHNOLOGIES GERMANY GMBH	US					
IT*1550086928	COMPELLENT TECHNOLOGIES ITALY SRL	US					
VE*901398179	CORPORACION DELL DE VENEZUELA SA	US					
BE*110002001574	CREDANT TECHNOLOGIES BELGIUM INC	US					
CA*110002001562	CREDANT TECHNOLOGIES INC	US					
US150238526L	CREDANT TECHNOLOGIES INC	US	18	175.0			
US*845593717	CREDANT TECHNOLOGIES INTERNATIONAL INC.	US					
GB*110002001576	CREDANT TECHNOLOGIES UK	US					
US*1550156973	CSCAN ACQUISITION CORP.	US					
DK18296799	DELL A/S	US	42	186.0	20	2.0	2.0
USLEI16678	DELL ASSET SECURITIZATION HOLDINGS L.P.	US					
ZA199500788307	DELL COMPUTER (PTY) LTD	US	61	200.0	28407		
TH0105538105783	DELL CORPORATION (THAILAND) CO LTD	US	286		90	3.0	3.0
IE*918436316	DELL CORPORATION LIMITED NORTHERN IRELAND PLACE OF BUSINESS	US					
CR3101306633	DELL COSTA RICA SOCIEDAD ANONIMA	US					
CALEI16683	DELL DFS CANADA INC.	US					
GH*926176629	DELL DISTRIBUTION (EMEA) LIMITED EXTERNAL COMPANY [RENAMED DELL EMERGING MARKETS (EMEA) LIMITED EXTERNAL COMPANY (GHANA)	US					
US*901074126	DELL FEDERAL SYSTEM GP LLC	US					
AE0000652219	DELL FZ-LLC	US					
US*901398104	DELL GLOBAL HOLDINGS IX LLC	US					
US*901398116	DELL GLOBAL HOLDINGS VI LLC	US					
US*110009489546	DELL GLOBAL HOLDINGS VII LLC	US					
US*901398120	DELL GLOBAL HOLDINGS VIII LLC	US					
US*110002001550	DELL GLOBAL HOLDINGS X LLC	US					
DE6210069794	DELL GMBH	US	195	556.0	66	5.0	4.0
GT*190521573737	DELL GUATEMALA, LTDA	US					
HN*901398172	DELL HONDURAS S DE RL DE CV	US					
CN*1550086896	DELL INFORMATION TECHNOLOGY (HUNAN) COMPANY LIMITED	US					
CN*110002001631	DELL INFORMATION TECHNOLOGY (KUNSHAN) COMPANY LIMITED	US					
CN9366693670	DELL SERVICES (CHINA) CO., LTD.	US	36		19		
SG*110002001632	DELL SERVICES PTE LTD(F/K/A PEROT SYSTEMS (SINGAPORE) PTE LTD)	US					
MY668332-P	DELL SOFTWARE SDN. BHD.	US	1		0	0.0	0.0
GB03268522	DELL SYSTEMS (UK) LIMITED	US			7	0.0	0.0
NG*901398044	DELL TECHNOLOGY & SOLUTIONS (NIGERIA) LIMITED	US					
US*901398112	DFS FUNDING LLC	US					
US*901398114	DFS-SPV LLC	US					
NL53548485	DIH VII C.V.	US					
NL24483754	DIH VIII C.V.	US					
NL*110002001584	DIH X CV	US					
US129207709L	FASTLANE TECHNOLOGIES	US		1.0			
KY*1550086894	FORCE10 INTERNATIONAL, LTD.	US					
CN*1550086898	FORCE10 NETWORKS (SHANGHAI) LTD.	US					
US*1550086907	FORCE10 NETWORKS GLOBAL, INC.	US					
US*1550086908	FORCE10 NETWORKS INTERNATIONAL, INC.	US					
SG200719134E	FORCE10 NETWORKS SINGAPORE PTE. LTD.	US					
VG*918312604	FRESH DEW INVESTMENTS LIMITED	US					
US*1550156974	FVISIONS ACQUISITION CORP.	US					
US126089436L	IMCEDA SOFTWARE INC	US					
US*918312687	INVIRTUS INC	US					
US*190521512641	MAGNUM TECHNOLOGIES, INC.	US					
VG*918312606	MURECIA INVESTMENTS LIMITED	US					
US*918312709	NETPRO COMPUTING CANADA INC	US					
US*918312707	NETPRO COMPUTING FRANCE INC	US					
US*918312711	NETPRO COMPUTING GERMANY INC	US					
US*1550156985	NETPRO COMPUTING INC.	US					
US*918312713	NETPRO COMPUTING UK INC	US					
US*918312705	NETPRO ENGINEERING INC	US					
US*918312703	NETPRO EUROPE INC	US					
IN0002325959	NTT DATA INFORMATION PROCESSING SERVICESPRIVATE LIMITED	US	44		49	7.0	7.0
NL33278790	NTT DATA SERVICES (PS) (NETHERLANDS) B.V.	US		3.0	1		
NL33296188	NTT DATA SERVICES (PS) INVESTMENTS B.V.	US		1.0	107		
RO18239575	NTT DATA SERVICES INTERNATIONAL SRL	US	17	385.0	4	1.0	1.0
LU*1550156986	OPTIGROWTH CAPITAL SARL	US					
US*918312720	PACKETTRAP NETWORKS INC	US					
GB04222450	PASSGO TECHNOLOGIES LIMITED	US	12		59	13.0	11.0
MY*921177971	PEROT SYSTEMS (MALAYSIA) SDN BHD	US					
CN*903115814	PEROT SYSTEMS (SHANGHAI) CONSULTING CO LTD	US					
CH*1550086952	PEROT SYSTEMS (SWITZERLAND) GMBH	US					
US*921177958	PEROT SYSTEMS APPLICATIONS SOLUTIONS INC	US					
US*903115775	PEROT SYSTEMS COMMUNICATION SERVICES INC	US					
BM27663R	PEROT SYSTEMS TSI (BERMUDA) LTD.	US					
HU*L000000020682	PEROT SYSTEMS TSI (HUNGARY) LIQUIDITY MANAGEMENT LLC,	US					
US129703747L	PRSM CORP	US					
US134709205L	PS ESERV CORP	US					
US*903115841	PSC GP CORPORATION	US					
US*903115843	PSC HEALTHCARE SOFTWARE INC	US					
US*903115845	PSC LP CORPORATION	US					
US*903115847	PSC MANAGEMENT LIMITED PARTNERSHIP	US					
US*110002001552	PSM HOLDINGS 1 LLC	US					
US*110002001553	PSM HOLDINGS 2 LLC	US					
IDLEI433962	PT DELL INDONESIA	US					
IL53-230-9226	Q.S.I. QUEST SOFTWARE ISRAEL LIMITED	US					
SE*110002001595	QSFT SVENSKA AB	US					
US*918312619	QUEST HOLDING COMPANY LLC	US					
LU*1550156987	QUEST HOLDINGS SARL	US					
NZ*110002001633	QUEST NEW ZEALAND LTD (FKA AFTERMAIL NZ)	US					
DK*918312631	QUEST SCANDINAVIA AS	US					
BE0882025750	QUEST SOFTWARE	US	2	5.0	1	0.0	0.0
GB02657165	QUEST SOFTWARE (UK) LIMITED	US	56	261.0	18	0.0	0.0
CN*918312666	QUEST SOFTWARE (ZHUHAI) LIMITED	US					
CN*918312664	QUEST SOFTWARE BEIJING COMPANY LIMITED	US					
BE*110002001597	QUEST SOFTWARE BELGIUM	US					
CA*110002001564	QUEST SOFTWARE CANADA (FKA FAST LANE TECHN INC)	US					
GB*110002001598	QUEST SOFTWARE COMPANY LIMITED	US					
FR*110002001599	QUEST SOFTWARE FRANCE SARL	US					
DE5190583911	QUEST SOFTWARE GMBH	US	38	176.0	5	2.0	1.0
HK0013081476	QUEST SOFTWARE HONG KONG LIMITED	US					
IE*110002001601	QUEST SOFTWARE INT’L LIMITED (FKA QS IRELAND LTD.)	US					
JP*1550156992	QUEST SOFTWARE JAPAN, LTD.	US					
KR1101113089160	QUEST SOFTWARE KOREA LTD.	US	8		3	2.0	2.0
HK0004527636	QUEST SOFTWARE LIMITED	US					
BR03844620000103	QUEST SOFTWARE LTDA.	US	2	36.0			
MXQSM0005175I5	QUEST SOFTWARE MEXICO S DE RL DE CV	US	5	13.0	5	1.0	0.0
NL*110002001602	QUEST SOFTWARE NETHERLANDS BV	US					
NO*110002001603	QUEST SOFTWARE NORGE A/S	US					
US*110002001554	QUEST SOFTWARE PUBLIC SECTOR INC	US					
IT08342951004	QUEST SOFTWARE S.R.L.	US	4	13.0	2	0.0	0.0
ES*918312624	QUEST SOFTWARE SPAIN SL	US					
CHCHE112230091	QUEST SOFTWARE SWITZERLAND GMBH	US		4.0			
IE296774	QUEST SOFTWARE UNLIMITED COMPANY	US	82		409	6.0	6.0
PL362543958	QUEST SOFTWARE SP. Z O.O.	US	0		0	0.0	0.0
IE359440	QUEST SOFTWARE INTERNATIONAL LIMITED	US	347	228.0	648	16.0	13.0
GB10005088	ONE IDENTITY (UK) LIMITED	US			<0,5		
FR393066725	QUEST SOFTWARE	US	15		4	1.0	0.0
SE5566020433	QUEST SOFTWARE AB	US	5	17.0	2	0.0	0.0
DK25620216	QUEST SOFTWARE APS	US		7.0	1	0.0	0.0
NO982902118	QUEST SOFTWARE AS	US	1		1	0.0	0.0
NL34149527	QUEST SOFTWARE B.V.	US		25.0	2		
NZ9429035777748	QUEST SOFTWARE NEW ZEALAND LIMITED	US	1		1	0.0	0.0
CHCHE108573458	SONICWALL AG	US		4.0			
PT505287226	SYMLABS - DESENVOLVIMENTO DE SOFTWARE, S.A.	US	0		2	0.0	0.0
RU17886284N	KVEST SOFTVEIR	US	7	44.0	3	0.0	0.0
SK50147374	QUEST SOFTWARE, S.R.O.	US	0	3.0	0	0.0	0.0
SG200411173D	QUEST TECHNOLOGY SYSTEMS SINGAPORE PTE. LTD.	US					
US*110002001555	QUIKCYCLE INC	US					
US*918312715	SAFARI I INC	US					
US*1550156993	SAFARI II GENERAL PARTNER LLC	US					
US*918312717	SAFARI II INC	US					
CA*110002001566	SAFARI LIMITED II LP	US					
CA*918312639	SAFARI LIMITED PARTNERSHIP	US					
US*110002001556	SCRIPTLOGIC CORPORATION	US					
AU*918312693	SCRIPTOLOGIC AUSTRALIA PTY LTD	US					
US*B000040189	SECUREWORKS HOLDING CORP	US					
US*1550156975	SMARSH CRM SERVICES, INC.	US					
CN9364754262	SONICEALL SHANGHAI INC	US					
NL27186269	SONICWALL B.V.	US		5.0	4		
IN0006222729	SONICWALL INFOSECURITY PRIVATE LIMITED	US					
US*110002001557	SONICWALL LLC	US					
MXSME020130UD8	SONICWALL MEXICO SRL	US		2.0			
NL*110002001623	SUPPORT CENTER BV (PKA SITRAKA)	US					
ES*1550156996	SYMLABS ESPANA S.L.	US					
US*110002001558	SYMLABS INC	US					
PT*1550156997	SYMLABS S.A.	US					
US127791632L	TRANSACTION APPLICATIONS GROUP INC	US		750.0			
CA*110002001567	TRELLIA NETWORKS INC	US					
IN0005802289	TURIN NETWORKS INDIA PRIVATE LIMITED	US					
US*B000066962	TURIN NETWORKS INTERNATIONAL INC	US					
BM27979R	TXZ HOLDING COMPANY LIMITED	US					
US*918312669	VINTELA INC	US					
US*918312699	VIRTUALFABRIX INC	US					
US*1550156998	VIZIONCORE, INC.	US					
US*110002001559	VKERNEL CORP	US					
AU*110002001588	WYSE AUSTRALIA PTY LTD AUSTRALIA	US					
CN*110002001589	WYSE TECHNOLOGY (BEIJING) CO LTD CHINA	US					
CA*110002001568	WYSE TECHNOLOGY (CANADA) LTD	US					
TW27727217	WYSE TECHNOLOGY (TAIWAN) LTD.	US					
HK0007321172	WYSE TECHNOLOGY CHINA (HK) LIMITED	US					
KY*110002001569	WYSE TECHNOLOGY HOLDINGS (CAYMAN) LTD	US					
JP*110002001590	WYSE TECHNOLOGY KK JAPAN	US					
US*110002001561	WYSE TECHNOLOGY LLC	US					
FR*110002001627	WYSE TECHNOLOGY SA FRANCE	US					
MX*110002001570	WYSE TECHONOLOGY SA DE CV	US					
IN0014266604	ARKINNET SOFTWARE PRIVATE LIMITED	US					
US*110165154495	ASAP SOFTWARE EXPRESS INC	US					
US*110165154496	BOOMI, INC.	US					
GB*110165154501	COHPACK LIMITED	US					
GB03946001	CONCHANGO (HOLDINGS) LIMITED	US			2		
GB02771938	CONCHANGO LIMITED	US			50		
US*191797479	CONFIGURESOFT INTERNATIONAL HOLDINGS INC	US					
US*110165154507	DATA DOMAIN BERMUDA LLC	US					
IN0002252715	DATA DOMAIN DATA STORAGE INDIA PRIVATE LIMITED.	US					
US*110165154509	DATA DOMAIN INTERNATIONAL III LLC	US					
IN0002290507	DECHO TECHNOLOGY INDIA PRIVATE LIMITED	US					
CN9371678223	DELL (CHINA) COMPANY	US					
IE379652	DELL (PS) LIMITED	US	9	78.0	15	0.0	0.0
NO861272702	DELL AS	US	21	101.0	27	2.0	2.0
MY330298-M	DELL ASIA PACIFIC SDN BHD	US	1		0	0.0	0.0
US*110165154523	DELL ASSET REVOLVING TRUST-B	US					
US*110165154524	DELL ASSET SYNDICATION L.L.C.	US					
AU003855561	DELL AUSTRALIA PTY LIMITED	US	203	804.0	126	13.0	9.0
USLEI102656	DELL CONDUIT FUNDING-B L.L.C.	US					
US*110165154542	DELL DEPOSITOR L.L.C.	US					
TN*110165154550	DELL EMERGING MARKETS (EMEA) LIMITED	US					
JO*110165154549	DELL EMERGING MARKETS (EMEA) LIMITED	US					
USLEI305652	DELL EQUIPMENT FINANCE TRUST 2014-1	US					
USLEI381872	DELL EQUIPMENT FINANCE TRUST 2015-1	US					
US*110165154555	DELL EQUIPMENT FINANCE TRUST 2015-2	US					
US*110165154556	DELL EQUIPMENT FINANCE TRUST 2016-1	US					
US*110165154557	DELL EQUIPMENT FUNDING LP	US					
CA*190521474572	DELL FINANCIAL SERVICES CANADA LIMITED	US					
US*110165154563	DELL FINANCIAL SERVICES L.L.C.	US					
US249266900L	DELL FUNDING LLC	US					
SA*110165154499	DELL FZC (FOREIGN)	US					
US*110165154575	DELL GLOBAL HOLDINGS XI L.L.C.	US					
US*110165154576	DELL GLOBAL HOLDINGS XII L.L.C.	US					
US*110165154577	DELL GLOBAL HOLDINGS XIII L.L.C.	US					
HK0000137797	DELL HONG KONG LIMITED	US		70.0			
PT506588785	DELL III - COMÉRCIO DE COMPUTADORES, UNIPESSOAL, LDA	US	5	25.0	4	1.0	0.0
US*110165154583	DELL INC.	US					
US*B000059931	DELL INTERNATIONAL LLC	US					
NZ9429039351067	DELL NEW ZEALAND LIMITED	US	7		8	0.0	0.0
SG200408037W	DELL SINGAPORE PTE. LTD.	US	<0,5		11	0.0	0.0
USAK-10026745	DELL SYSTEMS CORPORATION	US					
JP*110165154594	DELL JAPAN INC	US					
PA2512LRPP	DELL LATINOAMERICA S. DE R.L.	US					
MXDLM131002M75	DELL LEASING MEXICO S DE RL DE CV	US					
MA202351-81	DELL MOROCCO	US	1		0	0.0	0.0
US268463336L	DELL PRODUCT & PROCESS INNOVATION SERVICES CORP	US					
US*110165154614	DELL PRODUCTS L.P.	US					
US*110165154618	DELL PUERTO RICO CORP.	US					
US*110165154626	DELL REVOLVING TRANSFEROR L.L.C.	US					
FR*110165154629	DELL SA	US					
US268258592L	DELL SYSTEMS APPLICATIONS SOLUTIONS INC	US					
US291486197L	DELL SYSTEMS CORP	US					
HU12483732	DELL SYSTEMS TSI (HUNGARY) LIKVIDITÁSMENEDZSMENT KORLÁTOLT FELELOSSÉGU TÁRSASÁG	US			19	0.0	0.0
CN*110165154643	DELL TRADING (KUNSHAN) COMPANY LIMITED	US					
US*110165154645	DELL USA GP L.L.C.	US					
US*110165154646	DELL USA L.P.	US					
US*110165154652	DENALI FINANCE CORP.	US					
US*190521527453	DENALI INTERMEDIATE INC.	US					
RU*110165154653	DOCUMENTUM SERVICES RUSSIA LIMITED	US					
CYC183631	ECM SOFTWARE GROUP LTD	US					
AU143603123	EMC AUSTRALIA PTY LIMITED	US	20	999.0	75	20.0	0.0
BR22845695000145	EMC BRASIL SERVICOS DE TI LTDA.	US	1	16.0			
US*110165154659	EMC CLOUD SERVICES LLC	US					
QA*110165154661	EMC COMPUTER SYSSTEMS	US					
CN*926145049	EMC COMPUTER SYSTEMS (CHINA) CO. LTD.	US					
PH*110165154689	EMC COMPUTER SYSTEMS PHILIPPINES, INC.	US					
CALEI61550	EMC CORPORATION OF CANADA	US					
DE6290002586	EMC DEUTSCHLAND GESELLSCHAFT MIT BESCHRÄNKTER HAFTUNG	US	235	1145.0	259	12.0	7.0
EG*110165154699	EMC EGYPT SERVICE CENTER LIMITED	US					
US*110165154700	EMC EQUITY ASSETS LLC	US					
GB00990752	EMC EUROPE LIMITED	US	150	599.0	117	12.0	8.0
US2-46455	EMC GLOBAL HOLDINGS COMPANY	US					
BM42601R	EMC GROUP 1 LIMITED	US					
BM42623R	EMC GROUP 3	US					
BM42610R	EMC GROUP 4	US					
BM49924R	EMC GROUP 5 LIMITED	US					
EG*110165154705	EMC INFORMATION SYSTEM EGYPT LIMITED LTD	US					
RU*110165154707	EMC INFORMATION SYSTEMS CIS	US					
CO9001293313	EMC INFORMATION SYSTEMS COLOMBIA LTDA	US	23		27	2.0	-2.0
KZ*110165154709	EMC INFORMATION SYSTEMS KAZAKHSTAN LLP	US					
MA313113-81	EMC INFORMATION SYSTEMS MOROCCO LIMITED	US					
NG*110165154717	EMC INFORMATION SYSTEMS NIGERIA LIMITED	US					
PK0064991	EMC INFORMATION SYSTEMS PAKISTAN (PRIVATE) LIMITED	US					
UA*110165154719	EMC INFORMATION SYSTEMS UKRAINE	US					
CN*110165154721	EMC INFORMATION TECHNOLOGY RESEARCH & DEVELOPMENT (CHENGDU) CO., LTD.	US					
CN9360867738	EMC INFORMATION TECHNOLOGY RESEARCH &AMP; DEVELOPMENT (BEIJING) CO.,LTD.	US	24		16	1.0	1.0
CN9364784670	EMC INFORMATION TECHNOLOGY RESEARCH&DEVELOPMENT SHANG HAI CO.,LTD	US					
US*110165154724	EMC IP HOLDING COMPANY LLC	US					
IL53-231-4085	EMC ISRAEL ADVANCED INFORMATION TECHNOLOGIES LTD	US					
IL53-189-8109	MORE I.T. RESOURCES LTD	US					
IL53-249-6986	XTREMIO LTD	US		52.0			
IL*110165154727	EMC ISRAEL DEVELOPMENT CENTER, LTD.	US					
IN0008672537	EMC IT SOLUTIONS INDIA PRIVATE LIMITED	US	40		25	4.0	3.0
MXEMS091130M49	EMC MEXICO SERVICIOS SA	US		384.0			
AE*110165154733	EMC MIDDLE EAST	US					
RU*110165154735	EMC RESEARCH AND DEVELOPMENT CENTRE	US					
IN0008672589	EMC SOFTWARE AND SERVICES INDIA PRIVATE LIMITED	US	233		152	29.0	23.0
US*110165154737	EMC SOUTH STREET INVESTMENTS LLC	US					
RU*110165154738	EMC ST. PETERSBURG DEVELOPMENT CENTRE	US					
IN0013218514	EMC TECHNOLOGY INDIA PRIVATE LIMITED	US					
US*110165154740	EVOLUTIONARY CORPORATION	US					
GB08195391	GOPIVOTAL (UK) LIMITED	US	32	125.0	28	-1.0	-2.0
IL60-023-5388	GOPIVOTAL ISRAEL LTD	US					
SG201306678R	GOPIVOTAL SINGAPORE PTE. LIMITED	US					
IN0014020008	GOPIVOTAL SOFTWARE INDIA PRIVATE LIMITED	US					
CA*110165154751	GPVTL CANADA INC.	US					
GR*110165154754	INFORMATION SYSTEMS EMC GREECE S.A.	US					
US*110165154755	IOMEGA LATIN AMERICA, INC.	US					
US*110165154756	IOMEGA LLC	US					
US*B000056356	ISILON SYSTEMS INTERNATIONAL LLC	US					
US*110165154758	ISILON SYSTEMS LLC	US					
US*B000055535	IWAVE SOFTWARE LLC	US					
US*110165154760	LICENSE TECHNOLOGIES GROUP, INC.	US					
US*110165154761	LIKEWISE SOFTWARE LLC	US					
US*110165154763	MAGINATICS LLC	US					
US*110165154769	MOZY, INC.	US					
US*110165154770	NBT INVESTMENT PARTNERS LLC	US					
US*110165154771	NETWITNESS INTERNATIONAL LLC	US					
US*110165154773	NEWFOUND INVESTMENT PARTNERS LLC	US					
IL53-363-7054	NLAYERS LTD	US					
MU0000027348	NTT DATA SERVICES (PS) (MAURITIUS) PVT. LTD	US					
IN0008136158	OCARINA NETWORKS INDIA PRIVATE LIMITED	US					
IN0008169394	PEROT SYSTEMS INDIA FOUNDATION	US					
BR17711017000150	PIVOTAL BRASIL CONSULTORIA EM TECNOLOGIA DA INFORMACAO LTDA.	US	1	16.0			
BM47492R	PIVOTAL GROUP 2	US					
JP*110165154781	PIVOTAL JAPAN K.K.	US					
AU608792490	PIVOTAL LABS SYDNEY PTY LTD	US					
AU162413274	PIVOTAL SOFTWARE AUSTRALIA PTY LIMITED	US	7		6	0.0	0.0
CN*110165154789	PIVOTAL TECHNOLOGY (BEIJING) CO., LTD.	US					
ID*110165154790	PT EMC INFORMATION SYSTEMS	US					
US*110165154791	QTZ L.L.C.	US					
US*110165154792	QUICKSTEP TECHNOLOGIES, LLC	US					
US*110165154793	RSA FEDERAL LLC	US					
US*110165154794	RSA PARTNERS I, L.P.	US					
US*110165154795	RSA SECURITY LLC	US					
US*110165154797	SCALEIO LLC	US					
IL*110165154798	SCALELO, LTD.	US					
RO34696765	SECUREWORKS EUROPE SRL	US	7	147.0	6	0.0	0.0
VG*110165154806	SECURITY DYNAMICS FOREIGN SALES CORP	US					
CN*110165154807	SICHUAN AN CHENG SECURITY TECHNOLOGY CO.	US					
US*110165154808	SLICE OF LIME, LLC	US					
US*110165154809	SPANNING CLOUD APPS LLC	US					
US*190521501150	VCE COMPANY, LLC	US					
US*110165154812	VCE IP HOLDING COMPANY LLC	US					
SG201024114R	VCE SOLUTIONS PTE. LTD.	US					
AU147871841	VCE TECHNOLOGIES PTY LTD	US	1	3.0			
JP*110165154819	VCE TECHNOLOGY SOLUTIONS K.K.	US					
BG*110165154822	VIRTUSTREAM BULGARIA EOOD	US					
CA275192258L	VIRTUSTREAM CANADA HOLDINGS INC	US					
AU609769959	VIRTUSTREAM CLOUD SERVICES AUSTRALIA PTY LIMITED	US					
JP*110165154827	VIRTUSTREAM CLOUD SERVICES JAPAN KK	US					
US*110165154828	VIRTUSTREAM DCS, LLC	US					
US*110165154830	VIRTUSTREAM GROUP HOLDINGS, INC.	US					
US*110165154831	VIRTUSTREAM IP HOLDING COMPANY LLC	US					
LT302915590	VIRTUSTREAM LT UAB	US		48.0			
IN0005306987	VIRTUSTREAM SECURITY SOLUTIONS PRIVATE LIMITED	US					
CHCHE320575268	VIRTUSTREAM SWITZERLAND SÀRL	US		1.0			
US*110165154839	VIRTUSTREAM, INC.	US					
US*110165154840	VMW HOLDCO LLC	US					
CA*110165154841	VMWARE CANADA INC.	US					
SA*110165154844	VMWARE KSA	US					
IL*110165154847	XTREML0 LT.D	US					
