Target	Source	Weight	Total	Type	max
AE*110007618767	US943292913	66.66666666666667	0.0	Directed	50.01
AE*110007618767	DELL TECHNOLOGIES INC.	33.333333333333336	50.01	Directed	50.01
AE*110165154733	DELL TECHNOLOGIES INC.	100.0	0.0	Directed	50.01
AE0000652219	US742487834	66.66666666666667	0.0	Directed	50.01
AE0000652219	DELL TECHNOLOGIES INC.	33.333333333333336	50.01	Directed	50.01
AM*1550050253	US943292913	66.66666666666667	0.0	Directed	50.01
AM*1550050253	DELL TECHNOLOGIES INC.	33.333333333333336	50.01	Directed	50.01
AR2-46396	US042680009	100.0	100.0	Directed	100.0
AR30-69621600-9	US042680009	66.66222251849877	100.0	Directed	100.0
AR30-69621600-9	DELL TECHNOLOGIES INC.	33.337777481501234	50.01	Directed	50.01
AT2-46399	US042680009	100.0	100.0	Directed	100.0
AT9110158845	US742487834	0.0	100.0	Directed	100.0
AT9110158845	DELL TECHNOLOGIES INC.	0.0	50.01	Directed	50.01
AT9110158845	US*B000059931	100.0	100.0	Directed	100.0
AT9110259952	IE461022	100.0	100.0	Directed	100.0
AT9110259952	DELL TECHNOLOGIES INC.	0.0	50.01	Directed	50.01
AT9110329652	US042680009	100.0	100.0	Directed	100.0
AT9110622134	IE454020	100.0	100.0	Directed	100.0
AT9110622134	US943292913	0.0	50.01	Directed	50.01
AU*110002001588	US742487834	100.0	0.0	Directed	50.01
AU*918312693	US742487834	100.0	0.0	Directed	50.01
AU003855561	DELL TECHNOLOGIES INC.	100.0	0.0	Directed	50.01
AU122677089	US943292913	100.0	50.01	Directed	50.01
AU143603123	DELL TECHNOLOGIES INC.	100.0	50.01	Directed	50.01
AU147871841	DELL TECHNOLOGIES INC.	100.0	50.01	Directed	50.01
AU162413274	DELL TECHNOLOGIES INC.	100.0	50.01	Directed	50.01
AU2-147612	US742487834	100.0	100.0	Directed	100.0
AU2-147718	US742487834	100.0	100.0	Directed	100.0
AU2-46463	US042680009	100.0	100.0	Directed	100.0
AU2-46491	US042680009	100.0	100.0	Directed	100.0
AU2-46497	US042680009	100.0	100.0	Directed	100.0
AU2-46500	US042680009	100.0	100.0	Directed	100.0
AU605421583	US270463349	66.66666666666667	0.0	Directed	50.01
AU605421583	DELL TECHNOLOGIES INC.	33.333333333333336	50.01	Directed	50.01
AU608792490	DELL TECHNOLOGIES INC.	23.81315175467835	50.01	Directed	50.01
AU608792490	AU162413274	76.18684824532166	80.0	Directed	80.0
AU609769959	DELL TECHNOLOGIES INC.	100.0	0.0	Directed	50.01
BB2-147616	US742487834	100.0	100.0	Directed	100.0
BB2-46408	US042680009	100.0	100.0	Directed	100.0
BB2-46412	US042680009	100.0	100.0	Directed	100.0
BE*110002001574	US742487834	100.0	0.0	Directed	50.01
BE*110002001597	US742487834	100.0	0.0	Directed	50.01
BE0413693716	US042680009	100.0	100.0	Directed	100.0
BE0413693716	DELL TECHNOLOGIES INC.	0.0	50.01	Directed	50.01
BE0447550278	NL33287688	66.65777540677514	0.0	Directed	99.96
BE0447550278	US742487834	33.34222459322486	100.0	Directed	100.0
BE0882025750	US742487834	100.0	0.0	Directed	50.01
BG*110165154822	DELL TECHNOLOGIES INC.	100.0	0.0	Directed	50.01
BG200341975	IE402208	100.0	100.0	Directed	100.0
BG200341975	US943292913	0.0	50.01	Directed	50.01
BM27663R	US742487834	100.0	0.0	Directed	50.01
BM27979R	US742487834	100.0	50.01	Directed	50.01
BM42601R	DELL TECHNOLOGIES INC.	100.0	0.0	Directed	50.01
BM42610R	DELL TECHNOLOGIES INC.	100.0	0.0	Directed	50.01
BM42619R	US042680009	79.83549050441515	99.0	Directed	99.0
BM42619R	DELL TECHNOLOGIES INC.	20.164509495584856	50.01	Directed	50.01
BM42623R	DELL TECHNOLOGIES INC.	100.0	0.0	Directed	50.01
BM47491R	US042680009	79.83549050441515	99.0	Directed	99.0
BM47491R	DELL TECHNOLOGIES INC.	20.164509495584856	50.01	Directed	50.01
BM47492R	DELL TECHNOLOGIES INC.	100.0	0.0	Directed	50.01
BM49924R	DELL TECHNOLOGIES INC.	100.0	0.0	Directed	50.01
BR01462017000123	US042680009	66.66222251849877	100.0	Directed	100.0
BR01462017000123	DELL TECHNOLOGIES INC.	33.337777481501234	50.01	Directed	50.01
BR01838563000116	US042680009	100.0	100.0	Directed	100.0
BR03844620000103	US742487834	100.0	0.0	Directed	50.01
BR17711017000150	DELL TECHNOLOGIES INC.	100.0	0.0	Directed	50.01
BR19758880000198	US943292913	66.66666666666667	0.0	Directed	50.01
BR19758880000198	DELL TECHNOLOGIES INC.	33.333333333333336	50.01	Directed	50.01
BR2-46407	US042680009	100.0	100.0	Directed	100.0
BR2-46473	US042680009	100.0	100.0	Directed	100.0
BR22845695000145	DELL TECHNOLOGIES INC.	100.0	0.0	Directed	50.01
BR72381189000110	US742487834	100.0	100.0	Directed	100.0
BR72381189000110	DELL TECHNOLOGIES INC.	0.0	50.01	Directed	50.01
CA*110002001562	US742487834	100.0	0.0	Directed	50.01
CA*110002001564	US742487834	100.0	0.0	Directed	50.01
CA*110002001566	US742487834	100.0	0.0	Directed	50.01
CA*110002001567	US742487834	100.0	0.0	Directed	50.01
CA*110002001568	US742487834	100.0	0.0	Directed	50.01
CA*110165154751	DELL TECHNOLOGIES INC.	100.0	0.0	Directed	50.01
CA*110165154841	DELL TECHNOLOGIES INC.	100.0	0.0	Directed	50.01
CA*1550156981	US742487834	100.0	0.0	Directed	50.01
CA*190521459804	US132998238L	100.0	100.0	Directed	100.0
CA*190521471771	US042916506	100.0	50.01	Directed	50.01
CA*190521473022	US208525416L	100.0	100.0	Directed	100.0
CA*190521474572	DELL TECHNOLOGIES INC.	100.0	0.0	Directed	50.01
CA*918312639	US742487834	100.0	0.0	Directed	50.01
CA*CICI15613	US042680009	100.0	100.0	Directed	100.0
CA*H00089484075	US742487834	100.0	50.01	Directed	50.01
CA*H00089484083	US742487834	100.0	50.01	Directed	50.01
CA132973227L	US042680009	100.0	0.0	Directed	50.01
CA149108595L	US742487834	66.66666666666667	0.0	Directed	50.01
CA149108595L	DELL TECHNOLOGIES INC.	33.333333333333336	50.01	Directed	50.01
CA149120435L	US042680009	100.0	0.0	Directed	50.01
CA2-147620	US742487834	100.0	100.0	Directed	100.0
CA2-147621	US742487834	100.0	100.0	Directed	100.0
CA2-46392	US042680009	100.0	100.0	Directed	100.0
CA2-46471	US042680009	100.0	100.0	Directed	100.0
CA203420778L	US042680009	100.0	0.0	Directed	50.01
CA245246183L	CA149108595L	66.66666666666667	0.0	Directed	50.01
CA245246183L	US742487834	33.333333333333336	50.01	Directed	50.01
CA275123474L	US042680009	100.0	100.0	Directed	100.0
CA275192258L	DELL TECHNOLOGIES INC.	100.0	0.0	Directed	50.01
CALEI16683	US742487834	100.0	0.0	Directed	50.01
CALEI61550	DELL TECHNOLOGIES INC.	100.0	0.0	Directed	50.01
CH*1550086952	US742487834	100.0	0.0	Directed	50.01
CH2-147722	US742487834	100.0	100.0	Directed	100.0
CHCHE106080920	CHCHE328493705	100.0	100.0	Directed	100.0
CHCHE106080920	US742487834	0.0	50.01	Directed	50.01
CHCHE106103283	US042680009	100.0	100.0	Directed	100.0
CHCHE106103283	DELL TECHNOLOGIES INC.	0.0	50.01	Directed	50.01
CHCHE108573458	IE359440	100.0	100.0	Directed	100.0
CHCHE108590014	IE402208	100.0	100.0	Directed	100.0
CHCHE108590014	US943292913	0.0	50.01	Directed	50.01
CHCHE112230091	US742487834	0.0	50.01	Directed	50.01
CHCHE112230091	IE359440	100.0	100.0	Directed	100.0
CHCHE320575268	DELL TECHNOLOGIES INC.	100.0	0.0	Directed	50.01
CHCHE328493705	HU14014855	100.0	100.0	Directed	100.0
CHCHE328493705	US742487834	0.0	50.01	Directed	50.01
CL770999804	KR1101111200247	57.11672050541723	0.0	Directed	99.9
CL770999804	US742487834	28.586947199908522	100.0	Directed	100.0
CL770999804	DELL TECHNOLOGIES INC.	14.29633229467425	50.01	Directed	50.01
CL879867002	US042680009	100.0	100.0	Directed	100.0
CL879867002	DELL TECHNOLOGIES INC.	0.0	50.01	Directed	50.01
CN*110002001589	US742487834	100.0	0.0	Directed	50.01
CN*110002001631	US742487834	66.66666666666667	0.0	Directed	50.01
CN*110002001631	DELL TECHNOLOGIES INC.	33.333333333333336	50.01	Directed	50.01
CN*110165154643	DELL TECHNOLOGIES INC.	100.0	0.0	Directed	50.01
CN*110165154721	DELL TECHNOLOGIES INC.	100.0	0.0	Directed	50.01
CN*110165154789	DELL TECHNOLOGIES INC.	100.0	0.0	Directed	50.01
CN*110165154807	DELL TECHNOLOGIES INC.	100.0	0.0	Directed	50.01
CN*1550086896	US742487834	100.0	0.0	Directed	50.01
CN*1550086898	US742487834	66.66666666666667	0.0	Directed	50.01
CN*1550086898	DELL TECHNOLOGIES INC.	33.333333333333336	50.01	Directed	50.01
CN*903115814	US742487834	100.0	0.0	Directed	50.01
CN*918312664	US742487834	100.0	0.0	Directed	50.01
CN*918312666	US742487834	100.0	0.0	Directed	50.01
CN*926145049	DELL TECHNOLOGIES INC.	100.0	0.0	Directed	50.01
CN*D00336263	US042680009	100.0	100.0	Directed	100.0
CN2-147629	SG200720227K	100.0	100.0	Directed	100.0
CN2-147629	US742487834	0.0	100.0	Directed	100.0
CN2-147629	DELL TECHNOLOGIES INC.	0.0	50.01	Directed	50.01
CN9360003250	SG200720227K	100.0	100.0	Directed	100.0
CN9360003250	US742487834	0.0	100.0	Directed	100.0
CN9360003250	DELL TECHNOLOGIES INC.	0.0	50.01	Directed	50.01
CN9360056545	SG200720227K	100.0	100.0	Directed	100.0
CN9360056545	US742487834	0.0	100.0	Directed	100.0
CN9360867738	DELL TECHNOLOGIES INC.	100.0	0.0	Directed	50.01
CN9360917780	US042680009	100.0	100.0	Directed	100.0
CN9364599877	US742487834	100.0	50.01	Directed	50.01
CN9364754262	US742487834	100.0	0.0	Directed	50.01
CN9364784670	DELL TECHNOLOGIES INC.	100.0	0.0	Directed	50.01
CN9366692445	SG200720227K	100.0	100.0	Directed	100.0
CN9366692445	US742487834	0.0	50.01	Directed	50.01
CN9366693670	US742487834	66.66666666666667	0.0	Directed	50.01
CN9366693670	DELL TECHNOLOGIES INC.	33.333333333333336	50.01	Directed	50.01
CN9367124413	US943292913	66.66666666666667	0.0	Directed	50.01
CN9367124413	DELL TECHNOLOGIES INC.	33.333333333333336	50.01	Directed	50.01
CN9371678223	DELL TECHNOLOGIES INC.	100.0	0.0	Directed	50.01
CO2-147630	US742487834	100.0	100.0	Directed	100.0
CO9001293313	DELL TECHNOLOGIES INC.	100.0	0.0	Directed	50.01
CR2-147631	US742487834	100.0	100.0	Directed	100.0
CR3101306633	US742487834	66.66666666666667	0.0	Directed	50.01
CR3101306633	DELL TECHNOLOGIES INC.	33.333333333333336	50.01	Directed	50.01
CR3102374070	US742487834	100.0	100.0	Directed	100.0
CR3102374070	DELL TECHNOLOGIES INC.	0.0	50.01	Directed	50.01
CR3102654900	US943292913	66.66666666666667	0.0	Directed	50.01
CR3102654900	DELL TECHNOLOGIES INC.	33.333333333333336	50.01	Directed	50.01
CYC183631	DELL TECHNOLOGIES INC.	100.0	0.0	Directed	50.01
CZ26499223	US042680009	0.0	100.0	Directed	100.0
CZ26499223	NL30115829	50.0	0.0	Directed	50.0
CZ26499223	IE465392	50.0	0.0	Directed	50.0
CZ26499223	DELL TECHNOLOGIES INC.	0.0	50.01	Directed	50.01
CZ45272808	NL33305952	56.80306389840758	0.0	Directed	98.63
CZ45272808	US742487834	28.796037665217266	100.0	Directed	100.0
CZ45272808	DELL TECHNOLOGIES INC.	14.400898436375156	50.01	Directed	50.01
DE*1550086917	US742487834	100.0	0.0	Directed	50.01
DE2-46419	US042680009	100.0	100.0	Directed	100.0
DE2-46493	US042680009	100.0	100.0	Directed	100.0
DE3130270829	NL33250997	100.0	100.0	Directed	100.0
DE3130270829	DELL TECHNOLOGIES INC.	0.0	50.01	Directed	50.01
DE5190583911	US742487834	0.0	50.01	Directed	50.01
DE5190583911	IE359440	100.0	100.0	Directed	100.0
DE6070380898	NL33238739	100.0	100.0	Directed	100.0
DE6070380898	US742487834	0.0	50.01	Directed	50.01
DE6070471749	NL33250997	100.0	100.0	Directed	100.0
DE6070619033	IE484306	100.0	100.0	Directed	100.0
DE6070619033	DELL TECHNOLOGIES INC.	0.0	50.01	Directed	50.01
DE6070669621	GBJE100117	100.0	100.0	Directed	100.0
DE6070669621	DELL TECHNOLOGIES INC.	0.0	50.01	Directed	50.01
DE6210069794	US742487834	66.66666666666667	0.0	Directed	50.01
DE6210069794	DELL TECHNOLOGIES INC.	33.333333333333336	50.01	Directed	50.01
DE6290002586	DELL TECHNOLOGIES INC.	100.0	0.0	Directed	50.01
DE6290289914	IE521517	100.0	100.0	Directed	100.0
DE6290289914	DELL TECHNOLOGIES INC.	0.0	50.01	Directed	50.01
DE8171020880	DE6290289914	100.0	100.0	Directed	100.0
DE8330246247	US042680009	100.0	100.0	Directed	100.0
DE8350276778	NL33234352	100.0	100.0	Directed	100.0
DE8350276778	DELL TECHNOLOGIES INC.	0.0	50.01	Directed	50.01
DK*918312631	US742487834	100.0	0.0	Directed	50.01
DK18296799	US742487834	0.0	50.01	Directed	50.01
DK18296799	US*B000059931	100.0	100.0	Directed	100.0
DK18706245	IE465392	100.0	100.0	Directed	100.0
DK18706245	DELL TECHNOLOGIES INC.	0.0	50.01	Directed	50.01
DK25620216	IE359440	100.0	100.0	Directed	100.0
DK30582705	IE402208	100.0	100.0	Directed	100.0
DK30582705	US943292913	0.0	50.01	Directed	50.01
EG*110165154699	DELL TECHNOLOGIES INC.	100.0	0.0	Directed	50.01
EG*110165154705	DELL TECHNOLOGIES INC.	100.0	0.0	Directed	50.01
ES*1550156996	US742487834	100.0	0.0	Directed	50.01
ES*918312624	US742487834	100.0	0.0	Directed	50.01
ES2-46410	US042680009	100.0	100.0	Directed	100.0
ESA28639235	IE465392	100.0	100.0	Directed	100.0
ESA28639235	DELL TECHNOLOGIES INC.	0.0	50.01	Directed	50.01
ESA80022734	US742487834	49.99500049995001	100.0	Directed	100.0
ESA80022734	DELL TECHNOLOGIES INC.	50.00499950005	0.0	Directed	50.01
ESB85579464	IE454020	100.0	100.0	Directed	100.0
ESB85579464	US943292913	0.0	50.01	Directed	50.01
ESB86685161	IE521517	100.0	100.0	Directed	100.0
ESB86685161	DELL TECHNOLOGIES INC.	0.0	50.01	Directed	50.01
FI08444327	US742487834	100.0	100.0	Directed	100.0
FI08444327	DELL TECHNOLOGIES INC.	0.0	50.01	Directed	50.01
FI10319867	US149147007L	100.0	100.0	Directed	100.0
FI10319867	DELL TECHNOLOGIES INC.	0.0	50.01	Directed	50.01
FR*110002001599	US742487834	100.0	0.0	Directed	50.01
FR*110002001627	US742487834	100.0	0.0	Directed	50.01
FR*110165154629	DELL TECHNOLOGIES INC.	100.0	0.0	Directed	50.01
FR*D00260858	US742487834	100.0	100.0	Directed	100.0
FR2-147637	US742487834	100.0	100.0	Directed	100.0
FR2-46404	US042680009	100.0	100.0	Directed	100.0
FR317705226	US042680009	29.951777638002817	100.0	Directed	100.0
FR317705226	NL30115829	55.06933836523198	0.0	Directed	91.93
FR317705226	DELL TECHNOLOGIES INC.	14.978883996765207	50.01	Directed	50.01
FR348716267	US742487834	100.0	100.0	Directed	100.0
FR351528229	FR500789235	66.66444429628642	0.0	Directed	99.99
FR351528229	US742487834	33.33555570371358	100.0	Directed	100.0
FR388515801	US742487834	100.0	100.0	Directed	100.0
FR393066725	IE359440	100.0	100.0	Directed	100.0
FR420878175	US042680009	100.0	100.0	Directed	100.0
FR438023525	US042680009	100.0	100.0	Directed	100.0
FR451782684	IE454020	100.0	100.0	Directed	100.0
FR451782684	US943292913	0.0	50.01	Directed	50.01
FR500789235	NL34202419	100.0	100.0	Directed	100.0
FR500789235	US742487834	0.0	100.0	Directed	100.0
FR500789235	DELL TECHNOLOGIES INC.	0.0	50.01	Directed	50.01
FR534475116	IE484306	100.0	100.0	Directed	100.0
FR534475116	DELL TECHNOLOGIES INC.	0.0	50.01	Directed	50.01
FR791707961	IE521517	100.0	100.0	Directed	100.0
FR791707961	DELL TECHNOLOGIES INC.	0.0	50.01	Directed	50.01
FR812400893	US270463349	66.66666666666667	0.0	Directed	50.01
FR812400893	DELL TECHNOLOGIES INC.	33.333333333333336	50.01	Directed	50.01
GB*110002001576	US742487834	100.0	0.0	Directed	50.01
GB*110002001598	US742487834	100.0	0.0	Directed	50.01
GB*110165154501	DELL TECHNOLOGIES INC.	100.0	0.0	Directed	50.01
GB*908322938	US208525416L	100.0	100.0	Directed	100.0
GB00990752	DELL TECHNOLOGIES INC.	100.0	50.01	Directed	50.01
GB01945769	NL33234352	100.0	100.0	Directed	100.0
GB02051360	IE465392	100.0	100.0	Directed	100.0
GB02051360	DELL TECHNOLOGIES INC.	0.0	50.01	Directed	50.01
GB02081369	NL33250997	100.0	100.0	Directed	100.0
GB02081369	US742487834	0.0	50.01	Directed	50.01
GB02598884	GB02051360	79.83549050441515	99.0	Directed	99.0
GB02598884	DELL TECHNOLOGIES INC.	20.164509495584856	50.01	Directed	50.01
GB02657165	US742487834	0.0	50.01	Directed	50.01
GB02657165	IE359440	100.0	100.0	Directed	100.0
GB02771938	DELL TECHNOLOGIES INC.	100.0	50.01	Directed	50.01
GB03106821	GBJE100117	100.0	100.0	Directed	100.0
GB03106821	DELL TECHNOLOGIES INC.	0.0	50.01	Directed	50.01
GB03266654	NL33250997	100.0	100.0	Directed	100.0
GB03266654	US742487834	0.0	50.01	Directed	50.01
GB03268522	US742487834	100.0	50.01	Directed	50.01
GB03715044	GB02081369	73.92188559211556	0.0	Directed	70.88
GB03715044	DELL TECHNOLOGIES INC.	26.07811440788445	50.01	Directed	50.01
GB03825597	US742487834	20.274050350670937	50.01	Directed	50.01
GB03825597	GB02657165	79.72594964932907	0.0	Directed	98.33
GB03946001	DELL TECHNOLOGIES INC.	0.0	50.01	Directed	50.01
GB03946001	GB02771938	100.0	100.0	Directed	100.0
GB04222450	US742487834	20.164509495584856	50.01	Directed	50.01
GB04222450	IE359440	79.83549050441515	99.0	Directed	99.0
GB06001046	IE402208	100.0	100.0	Directed	100.0
GB06001046	US943292913	0.0	50.01	Directed	50.01
GB07362491	IE484306	100.0	100.0	Directed	100.0
GB07362491	DELL TECHNOLOGIES INC.	0.0	50.01	Directed	50.01
GB07520038	IE402208	100.0	100.0	Directed	100.0
GB07520038	US943292913	0.0	50.01	Directed	50.01
GB08195391	DELL TECHNOLOGIES INC.	100.0	0.0	Directed	50.01
GB09546890	US270463349	66.66666666666667	0.0	Directed	50.01
GB09546890	DELL TECHNOLOGIES INC.	33.333333333333336	50.01	Directed	50.01
GB10005088	IE359440	100.0	100.0	Directed	100.0
GB2-147733	US742487834	100.0	100.0	Directed	100.0
GBGE000091	US742487834	100.0	100.0	Directed	100.0
GBGE000091	DELL TECHNOLOGIES INC.	0.0	50.01	Directed	50.01
GBJE100117	US208525416L	79.83549050441515	99.0	Directed	99.0
GBJE100117	DELL TECHNOLOGIES INC.	20.164509495584856	50.01	Directed	50.01
GH*926176629	US742487834	66.66666666666667	0.0	Directed	50.01
GH*926176629	DELL TECHNOLOGIES INC.	33.333333333333336	50.01	Directed	50.01
GH2-147645	US742487834	100.0	100.0	Directed	100.0
GI2-46454	US042680009	100.0	100.0	Directed	100.0
GR*110165154754	DELL TECHNOLOGIES INC.	100.0	0.0	Directed	50.01
GR999841711	US042680009	100.0	100.0	Directed	100.0
GR999845851	US742487834	100.0	100.0	Directed	100.0
GR999845851	DELL TECHNOLOGIES INC.	0.0	50.01	Directed	50.01
GT*190521573737	US742487834	66.66666666666667	0.0	Directed	50.01
GT*190521573737	DELL TECHNOLOGIES INC.	33.333333333333336	50.01	Directed	50.01
HK0000137797	DELL TECHNOLOGIES INC.	100.0	0.0	Directed	50.01
HK0000716878	IE465392	100.0	100.0	Directed	100.0
HK0000716878	DELL TECHNOLOGIES INC.	0.0	50.01	Directed	50.01
HK0004527636	US742487834	100.0	50.01	Directed	50.01
HK0007321172	US742487834	66.66666666666667	0.0	Directed	50.01
HK0007321172	DELL TECHNOLOGIES INC.	33.333333333333336	50.01	Directed	50.01
HK0007829058	US943292913	66.66666666666667	0.0	Directed	50.01
HK0007829058	DELL TECHNOLOGIES INC.	33.333333333333336	50.01	Directed	50.01
HK0013081476	US742487834	100.0	50.01	Directed	50.01
HN*901398172	US742487834	100.0	0.0	Directed	50.01
HU*L000000020682	US742487834	100.0	50.01	Directed	50.01
HU12483732	DELL TECHNOLOGIES INC.	100.0	0.0	Directed	50.01
HU12676905	US042680009	100.0	100.0	Directed	100.0
HU12676905	DELL TECHNOLOGIES INC.	0.0	50.01	Directed	50.01
HU13948313	US742487834	100.0	100.0	Directed	100.0
HU13948313	DELL TECHNOLOGIES INC.	0.0	50.01	Directed	50.01
HU14014855	US742487834	100.0	100.0	Directed	100.0
HU14014855	DELL TECHNOLOGIES INC.	0.0	50.01	Directed	50.01
HU14158632	US742487834	100.0	100.0	Directed	100.0
HU14158632	DELL TECHNOLOGIES INC.	0.0	50.01	Directed	50.01
ID*110165154790	DELL TECHNOLOGIES INC.	100.0	0.0	Directed	50.01
IDLEI433962	US742487834	66.66666666666667	0.0	Directed	50.01
IDLEI433962	DELL TECHNOLOGIES INC.	33.333333333333336	50.01	Directed	50.01
IE*110002001601	US742487834	100.0	0.0	Directed	50.01
IE*918436316	US742487834	100.0	0.0	Directed	50.01
IE165990	US742487834	100.0	100.0	Directed	100.0
IE191033	US742487834	79.99519980799232	0.0	Directed	99.99
IE191033	DELL TECHNOLOGIES INC.	20.004800192007682	50.01	Directed	50.01
IE191034	NL33238739	56.89491681273527	0.0	Directed	99.0
IE191034	US742487834	28.734806471078418	100.0	Directed	100.0
IE191034	DELL TECHNOLOGIES INC.	14.370276716186316	50.01	Directed	50.01
IE2-147657	US742487834	100.0	100.0	Directed	100.0
IE2-147660	US742487834	100.0	100.0	Directed	100.0
IE2-147661	US742487834	100.0	100.0	Directed	100.0
IE200850	US042680009	100.0	100.0	Directed	100.0
IE296774	US742487834	0.0	50.01	Directed	50.01
IE296774	US*B000059931	100.0	100.0	Directed	100.0
IE310085	US742487834	100.0	100.0	Directed	100.0
IE339931	US042680009	100.0	100.0	Directed	100.0
IE359440	IE296774	100.0	99.0	Directed	99.0
IE371589	NL33238739	100.0	100.0	Directed	100.0
IE371589	US742487834	0.0	50.01	Directed	50.01
IE379652	DELL TECHNOLOGIES INC.	100.0	0.0	Directed	50.01
IE396569	US742487834	100.0	100.0	Directed	100.0
IE402208	US943292913	0.0	100.0	Directed	100.0
IE402208	IE417840	100.0	100.0	Directed	100.0
IE417840	US2-46501	79.83549050441515	99.0	Directed	99.0
IE417840	US943292913	20.164509495584856	50.01	Directed	50.01
IE427761	NL33238739	100.0	100.0	Directed	100.0
IE427761	DELL TECHNOLOGIES INC.	0.0	50.01	Directed	50.01
IE433356	GBJE100117	100.0	100.0	Directed	100.0
IE433356	DELL TECHNOLOGIES INC.	0.0	50.01	Directed	50.01
IE454020	IE417840	100.0	100.0	Directed	100.0
IE454020	US943292913	0.0	50.01	Directed	50.01
IE457375	IE457577	100.0	100.0	Directed	100.0
IE457375	DELL TECHNOLOGIES INC.	0.0	50.01	Directed	50.01
IE457577	US*B000086362	100.0	100.0	Directed	100.0
IE457577	DELL TECHNOLOGIES INC.	0.0	50.01	Directed	50.01
IE461022	IE464031	79.99519980799232	0.0	Directed	99.99
IE461022	US042680009	20.004800192007682	50.01	Directed	50.01
IE464031	BM42619R	78.45418120718625	0.0	Directed	91.05
IE464031	US042680009	21.545818792813755	50.01	Directed	50.01
IE465392	IE464031	79.99519980799232	0.0	Directed	99.99
IE465392	DELL TECHNOLOGIES INC.	20.004800192007682	50.01	Directed	50.01
IE484306	IE461022	100.0	100.0	Directed	100.0
IE484306	DELL TECHNOLOGIES INC.	0.0	50.01	Directed	50.01
IE502362	NL53273281	79.83549050441515	99.0	Directed	99.0
IE502362	US742487834	20.164509495584856	50.01	Directed	50.01
IE521517	IE525560	79.83549050441515	0.0	Directed	99.0
IE521517	DELL TECHNOLOGIES INC.	20.164509495584856	50.01	Directed	50.01
IE525560	BM47491R	79.83549050441515	0.0	Directed	99.0
IE525560	DELL TECHNOLOGIES INC.	20.164509495584856	50.01	Directed	50.01
IE548146	NL30115829	100.0	100.0	Directed	100.0
IE548146	DELL TECHNOLOGIES INC.	0.0	50.01	Directed	50.01
IE574050	IE433356	100.0	100.0	Directed	100.0
IE574050	DELL TECHNOLOGIES INC.	0.0	50.01	Directed	50.01
IL*110165154727	DELL TECHNOLOGIES INC.	100.0	0.0	Directed	50.01
IL*110165154798	DELL TECHNOLOGIES INC.	100.0	0.0	Directed	50.01
IL*110165154847	DELL TECHNOLOGIES INC.	100.0	0.0	Directed	50.01
IL2-46424	US042680009	100.0	100.0	Directed	100.0
IL2-46424	DELL TECHNOLOGIES INC.	0.0	50.01	Directed	50.01
IL51-463-2707	US943292913	66.66666666666667	0.0	Directed	50.01
IL51-463-2707	DELL TECHNOLOGIES INC.	33.333333333333336	50.01	Directed	50.01
IL53-189-8109	IL53-231-4085	100.0	100.0	Directed	100.0
IL53-189-8109	DELL TECHNOLOGIES INC.	0.0	50.01	Directed	50.01
IL53-199-2266	US742487834	100.0	100.0	Directed	100.0
IL53-199-2266	DELL TECHNOLOGIES INC.	0.0	50.01	Directed	50.01
IL53-230-9226	US742487834	100.0	0.0	Directed	50.01
IL53-231-4085	DELL TECHNOLOGIES INC.	100.0	0.0	Directed	50.01
IL53-236-6817	US943292913	66.66666666666667	0.0	Directed	50.01
IL53-236-6817	DELL TECHNOLOGIES INC.	33.333333333333336	50.01	Directed	50.01
IL53-249-6986	IL53-231-4085	100.0	100.0	Directed	100.0
IL53-363-7054	DELL TECHNOLOGIES INC.	100.0	0.0	Directed	50.01
IL60-023-5388	DELL TECHNOLOGIES INC.	100.0	0.0	Directed	50.01
IN0000661305	US943292913	66.66666666666667	0.0	Directed	50.01
IN0000661305	DELL TECHNOLOGIES INC.	33.333333333333336	50.01	Directed	50.01
IN0002252715	DELL TECHNOLOGIES INC.	100.0	0.0	Directed	50.01
IN0002290507	DELL TECHNOLOGIES INC.	100.0	0.0	Directed	50.01
IN0002325959	US742487834	100.0	0.0	Directed	50.01
IN0002341682	US742487834	100.0	100.0	Directed	100.0
IN0002341732	US742487834	100.0	100.0	Directed	100.0
IN0002341732	DELL TECHNOLOGIES INC.	0.0	50.01	Directed	50.01
IN0005306987	DELL TECHNOLOGIES INC.	100.0	0.0	Directed	50.01
IN0005424518	IE402208	39.971191933741444	99.9	Directed	99.9
IN0005424518	US943292913	40.0192053775057	0.0	Directed	50.01
IN0005424518	DELL TECHNOLOGIES INC.	20.00960268875285	50.01	Directed	50.01
IN0005802289	US742487834	100.0	0.0	Directed	50.01
IN0006222729	US742487834	100.0	0.0	Directed	50.01
IN0008136158	DELL TECHNOLOGIES INC.	100.0	0.0	Directed	50.01
IN0008169394	DELL TECHNOLOGIES INC.	100.0	0.0	Directed	50.01
IN0008672421	US042680009	100.0	100.0	Directed	100.0
IN0008672537	DELL TECHNOLOGIES INC.	100.0	0.0	Directed	50.01
IN0008672589	DELL TECHNOLOGIES INC.	100.0	0.0	Directed	50.01
IN0013218514	DELL TECHNOLOGIES INC.	100.0	0.0	Directed	50.01
IN0014020008	DELL TECHNOLOGIES INC.	100.0	0.0	Directed	50.01
IN0014266604	DELL TECHNOLOGIES INC.	100.0	0.0	Directed	50.01
IN0015211076	US270463349	66.66666666666667	0.0	Directed	50.01
IN0015211076	DELL TECHNOLOGIES INC.	33.333333333333336	50.01	Directed	50.01
IN2-147651	US742487834	100.0	100.0	Directed	100.0
IN2-147653	US742487834	100.0	100.0	Directed	100.0
IN2-46477	US042680009	100.0	100.0	Directed	100.0
IN2-46490	US042680009	100.0	100.0	Directed	100.0
IT*1550086928	US742487834	100.0	0.0	Directed	50.01
IT03700890969	US042680009	100.0	100.0	Directed	100.0
IT05948160964	IE402208	100.0	100.0	Directed	100.0
IT05948160964	US943292913	0.0	50.01	Directed	50.01
IT08177710962	IE521517	100.0	100.0	Directed	100.0
IT08177710962	DELL TECHNOLOGIES INC.	0.0	50.01	Directed	50.01
IT08342951004	US742487834	0.0	50.01	Directed	50.01
IT08342951004	IE359440	100.0	100.0	Directed	100.0
IT08970520154	IE465392	100.0	100.0	Directed	100.0
IT08970520154	DELL TECHNOLOGIES INC.	0.0	50.01	Directed	50.01
IT09800570963	GBJE100117	100.0	100.0	Directed	100.0
IT09800570963	DELL TECHNOLOGIES INC.	0.0	50.01	Directed	50.01
IT12289830155	NL33305952	100.0	100.0	Directed	100.0
IT12289830155	DELL TECHNOLOGIES INC.	0.0	50.01	Directed	50.01
JO*110165154549	DELL TECHNOLOGIES INC.	100.0	0.0	Directed	50.01
JP*110002001590	US742487834	100.0	0.0	Directed	50.01
JP*110136984747	US943292913	100.0	0.0	Directed	50.01
JP*110165154594	DELL TECHNOLOGIES INC.	100.0	0.0	Directed	50.01
JP*110165154781	DELL TECHNOLOGIES INC.	100.0	0.0	Directed	50.01
JP*110165154819	DELL TECHNOLOGIES INC.	100.0	0.0	Directed	50.01
JP*110165154827	DELL TECHNOLOGIES INC.	100.0	0.0	Directed	50.01
JP*1550156992	US742487834	100.0	0.0	Directed	50.01
JP2-147671	US742487834	100.0	100.0	Directed	100.0
JP2-46461	US042680009	65.5127232604648	95.0	Directed	95.0
JP2-46461	DELL TECHNOLOGIES INC.	34.487276739535204	50.01	Directed	50.01
JP2-46478	US042680009	100.0	100.0	Directed	100.0
JP2-46488	US042680009	100.0	100.0	Directed	100.0
JP2010401071174	US943292913	40.00319961604608	0.0	Directed	50.01
JP2010401071174	US042680009	39.995200575930895	100.0	Directed	100.0
JP2010401071174	DELL TECHNOLOGIES INC.	20.00159980802304	50.01	Directed	50.01
JP8010401118267	US270463349	66.66666666666667	0.0	Directed	50.01
JP8010401118267	DELL TECHNOLOGIES INC.	33.333333333333336	50.01	Directed	50.01
JP9020001071212	US742487834	100.0	100.0	Directed	100.0
KR*110136984741	US943292913	66.66666666666667	0.0	Directed	50.01
KR*110136984741	DELL TECHNOLOGIES INC.	33.333333333333336	50.01	Directed	50.01
KR1101111187536	US042680009	100.0	100.0	Directed	100.0
KR1101111187536	NL30115829	0.0	100.0	Directed	100.0
KR1101111187536	DELL TECHNOLOGIES INC.	0.0	50.01	Directed	50.01
KR1101111200247	US742487834	100.0	100.0	Directed	100.0
KR1101111200247	DELL TECHNOLOGIES INC.	0.0	50.01	Directed	50.01
KR1101113089160	US742487834	100.0	0.0	Directed	50.01
KY*110002001569	US742487834	100.0	0.0	Directed	50.01
KY*1550086894	US742487834	100.0	0.0	Directed	50.01
KY2-147622	US742487834	100.0	100.0	Directed	100.0
KY2-147623	US742487834	100.0	100.0	Directed	100.0
KY2-147624	US742487834	100.0	100.0	Directed	100.0
KY2-147625	US742487834	100.0	100.0	Directed	100.0
KY2-46469	US042680009	100.0	100.0	Directed	100.0
KY2-46503	US042680009	100.0	100.0	Directed	100.0
KZ*110165154709	DELL TECHNOLOGIES INC.	100.0	0.0	Directed	50.01
LT302915590	DELL TECHNOLOGIES INC.	100.0	0.0	Directed	50.01
LU*1550156986	US742487834	66.66666666666667	0.0	Directed	50.01
LU*1550156986	DELL TECHNOLOGIES INC.	33.333333333333336	50.01	Directed	50.01
LU*1550156987	US742487834	100.0	0.0	Directed	50.01
LULB114786	NL33250997	79.99359923190782	0.0	Directed	99.98
LULB114786	US742487834	20.00640076809217	50.01	Directed	50.01
LULB122660	IE465392	100.0	100.0	Directed	100.0
LULB122660	DELL TECHNOLOGIES INC.	0.0	50.01	Directed	50.01
MA122225-81	US742487834	100.0	100.0	Directed	100.0
MA122225-81	DELL TECHNOLOGIES INC.	0.0	50.01	Directed	50.01
MA2-147678	US742487834	100.0	100.0	Directed	100.0
MA2-147678	DELL TECHNOLOGIES INC.	0.0	50.01	Directed	50.01
MA202351-81	DELL TECHNOLOGIES INC.	100.0	0.0	Directed	50.01
MA313113-81	DELL TECHNOLOGIES INC.	100.0	0.0	Directed	50.01
MTC45818	IE461022	67.7791379421429	0.0	Directed	52.6
MTC45818	DELL TECHNOLOGIES INC.	32.2208620578571	50.01	Directed	50.01
MU0000027348	DELL TECHNOLOGIES INC.	100.0	0.0	Directed	50.01
MX*110002001570	US742487834	100.0	0.0	Directed	50.01
MX*D00336265	US042680009	100.0	100.0	Directed	100.0
MX2-46415	US042680009	100.0	100.0	Directed	100.0
MXDCS971211TUA	US742487834	100.0	100.0	Directed	100.0
MXDCS971211TUA	DELL TECHNOLOGIES INC.	0.0	50.01	Directed	50.01
MXDLM131002M75	DELL TECHNOLOGIES INC.	100.0	0.0	Directed	50.01
MXDME9204099R6	US742487834	66.66666666666667	0.0	Directed	50.01
MXDME9204099R6	DELL TECHNOLOGIES INC.	33.333333333333336	50.01	Directed	50.01
MXECS990412CZ6	US042680009	100.0	100.0	Directed	100.0
MXECS990412CZ6	DELL TECHNOLOGIES INC.	0.0	50.01	Directed	50.01
MXEMS091130M49	DELL TECHNOLOGIES INC.	100.0	0.0	Directed	50.01
MXQSM0005175I5	US742487834	100.0	50.01	Directed	50.01
MXSME020130UD8	US742487834	100.0	0.0	Directed	50.01
MY*110136984742	US943292913	66.66666666666667	0.0	Directed	50.01
MY*110136984742	DELL TECHNOLOGIES INC.	33.333333333333336	50.01	Directed	50.01
MY*921177971	US742487834	100.0	50.01	Directed	50.01
MY2-147674	US742487834	100.0	100.0	Directed	100.0
MY330298-M	DELL TECHNOLOGIES INC.	100.0	0.0	Directed	50.01
MY425343-D	US042680009	0.0	100.0	Directed	100.0
MY425343-D	NL30115829	100.0	100.0	Directed	100.0
MY425343-D	DELL TECHNOLOGIES INC.	0.0	50.01	Directed	50.01
MY668332-P	US742487834	100.0	0.0	Directed	50.01
MY742481-H	US742487834	100.0	100.0	Directed	100.0
MY742481-H	DELL TECHNOLOGIES INC.	0.0	50.01	Directed	50.01
MY850617-T	NL33238739	100.0	100.0	Directed	100.0
MY850617-T	US742487834	0.0	50.01	Directed	50.01
NG*110165154717	DELL TECHNOLOGIES INC.	100.0	0.0	Directed	50.01
NG*901398044	US742487834	66.66666666666667	0.0	Directed	50.01
NG*901398044	DELL TECHNOLOGIES INC.	33.333333333333336	50.01	Directed	50.01
NL*110002001584	US742487834	66.66666666666667	0.0	Directed	50.01
NL*110002001584	DELL TECHNOLOGIES INC.	33.333333333333336	50.01	Directed	50.01
NL*110002001602	US742487834	100.0	0.0	Directed	50.01
NL*110002001623	US742487834	100.0	0.0	Directed	50.01
NL24169365	NL33238739	100.0	100.0	Directed	100.0
NL24169365	DELL TECHNOLOGIES INC.	0.0	50.01	Directed	50.01
NL24235735	NL33243563	100.0	100.0	Directed	100.0
NL24235735	US742487834	0.0	100.0	Directed	100.0
NL24235735	DELL TECHNOLOGIES INC.	0.0	50.01	Directed	50.01
NL24483754	US742487834	66.66666666666667	0.0	Directed	50.01
NL24483754	DELL TECHNOLOGIES INC.	33.333333333333336	50.01	Directed	50.01
NL27186269	US742487834	100.0	50.01	Directed	50.01
NL30115829	IE465392	100.0	100.0	Directed	100.0
NL30115829	US042680009	0.0	50.01	Directed	50.01
NL30133891	NL30115829	100.0	100.0	Directed	100.0
NL30133891	DELL TECHNOLOGIES INC.	0.0	50.01	Directed	50.01
NL30241275	IE454020	100.0	100.0	Directed	100.0
NL30241275	US943292913	0.0	50.01	Directed	50.01
NL33226138	NL33250997	40.00319961604608	50.01	Directed	50.01
NL33226138	NL33287688	39.995200575930895	100.0	Directed	100.0
NL33226138	DELL TECHNOLOGIES INC.	20.00159980802304	50.01	Directed	50.01
NL33226753	NL33287688	100.0	100.0	Directed	100.0
NL33226753	DELL TECHNOLOGIES INC.	0.0	50.01	Directed	50.01
NL33234352	US*B000073053	79.83549050441515	99.0	Directed	99.0
NL33234352	DELL TECHNOLOGIES INC.	20.164509495584856	50.01	Directed	50.01
NL33238739	NL33226138	100.0	100.0	Directed	100.0
NL33243563	NL24169365	100.0	100.0	Directed	100.0
NL33243563	DELL TECHNOLOGIES INC.	0.0	50.01	Directed	50.01
NL33250997	NL33287688	100.0	100.0	Directed	100.0
NL33250997	US742487834	0.0	99.0	Directed	99.0
NL33278790	US742487834	0.0	50.01	Directed	50.01
NL33278790	NL33296188	100.0	100.0	Directed	100.0
NL33287688	NL34262848	100.0	100.0	Directed	100.0
NL33287688	DELL TECHNOLOGIES INC.	0.0	50.01	Directed	50.01
NL33296188	US742487834	100.0	50.01	Directed	50.01
NL33305952	NL33226138	100.0	100.0	Directed	100.0
NL33305952	DELL TECHNOLOGIES INC.	0.0	50.01	Directed	50.01
NL34149527	IE359440	100.0	100.0	Directed	100.0
NL34187518	NL33226753	100.0	100.0	Directed	100.0
NL34187518	DELL TECHNOLOGIES INC.	0.0	50.01	Directed	50.01
NL34202419	NL33287688	100.0	100.0	Directed	100.0
NL34202419	DELL TECHNOLOGIES INC.	0.0	50.01	Directed	50.01
NL34262848	US742487834	100.0	100.0	Directed	100.0
NL34262848	DELL TECHNOLOGIES INC.	0.0	50.01	Directed	50.01
NL34312777	US943292913	100.0	100.0	Directed	100.0
NL53251296	IE484306	100.0	100.0	Directed	100.0
NL53251296	DELL TECHNOLOGIES INC.	0.0	50.01	Directed	50.01
NL53273281	US742487834	100.0	100.0	Directed	100.0
NL53548485	US742487834	33.333333333333336	50.01	Directed	50.01
NL53548485	DELL TECHNOLOGIES INC.	66.66666666666667	0.0	Directed	50.01
NL57348715	IE521517	100.0	100.0	Directed	100.0
NL57348715	DELL TECHNOLOGIES INC.	0.0	50.01	Directed	50.01
NO*110002001603	US742487834	100.0	0.0	Directed	50.01
NO861272702	DELL TECHNOLOGIES INC.	100.0	50.01	Directed	50.01
NO975959228	IE548146	100.0	100.0	Directed	100.0
NO975959228	DELL TECHNOLOGIES INC.	0.0	50.01	Directed	50.01
NO982902118	IE359440	100.0	100.0	Directed	100.0
NZ*110002001633	US742487834	100.0	0.0	Directed	50.01
NZ9429031709002	IE465392	100.0	100.0	Directed	100.0
NZ9429031709002	DELL TECHNOLOGIES INC.	0.0	50.01	Directed	50.01
NZ9429035777748	IE359440	100.0	100.0	Directed	100.0
NZ9429039351067	US*B000059931	100.0	100.0	Directed	100.0
NZ9429039351067	DELL TECHNOLOGIES INC.	0.0	50.01	Directed	50.01
NZ9429041975121	IE402208	79.99519980799232	0.0	Directed	99.99
NZ9429041975121	US943292913	20.004800192007682	50.01	Directed	50.01
PA2512LRPP	DELL TECHNOLOGIES INC.	100.0	0.0	Directed	50.01
PA294LRPP	US742487834	100.0	100.0	Directed	100.0
PA294LRPP	DELL TECHNOLOGIES INC.	0.0	50.01	Directed	50.01
PE20100129532	US042680009	100.0	100.0	Directed	100.0
PE20100129532	DELL TECHNOLOGIES INC.	0.0	50.01	Directed	50.01
PE20510430655	US742487834	100.0	100.0	Directed	100.0
PE20510430655	DELL TECHNOLOGIES INC.	0.0	50.01	Directed	50.01
PH*110165154689	DELL TECHNOLOGIES INC.	100.0	0.0	Directed	50.01
PH2-147699	US742487834	100.0	100.0	Directed	100.0
PHCS200512147	US742487834	100.0	100.0	Directed	100.0
PHCS200512147	DELL TECHNOLOGIES INC.	0.0	50.01	Directed	50.01
PK0064991	DELL TECHNOLOGIES INC.	100.0	0.0	Directed	50.01
PL010562374	US742487834	100.0	100.0	Directed	100.0
PL010562374	DELL TECHNOLOGIES INC.	0.0	50.01	Directed	50.01
PL014878111	US042680009	66.66222251849877	100.0	Directed	100.0
PL014878111	DELL TECHNOLOGIES INC.	33.337777481501234	50.01	Directed	50.01
PL016456070	US042680009	100.0	100.0	Directed	100.0
PL140663380	NL33238739	52.5600075898928	0.0	Directed	83.1
PL140663380	US742487834	31.624553303184594	100.0	Directed	100.0
PL140663380	DELL TECHNOLOGIES INC.	15.815439106922616	50.01	Directed	50.01
PL362543958	IE296774	100.0	100.0	Directed	100.0
PT*1550156997	US742487834	100.0	0.0	Directed	50.01
PT2-147704	US742487834	100.0	100.0	Directed	100.0
PT2-147705	US742487834	100.0	100.0	Directed	100.0
PT505287226	IE359440	100.0	100.0	Directed	100.0
PT506588785	DELL TECHNOLOGIES INC.	0.0	50.01	Directed	50.01
PT506588785	US*B000059931	100.0	100.0	Directed	100.0
QA*110165154661	DELL TECHNOLOGIES INC.	100.0	0.0	Directed	50.01
RO18239575	NL33296188	100.0	100.0	Directed	100.0
RO18239575	US742487834	0.0	50.01	Directed	50.01
RO34696765	DELL TECHNOLOGIES INC.	100.0	50.01	Directed	50.01
RO35668240	NL33238739	79.99519980799232	0.0	Directed	99.99
RO35668240	DELL TECHNOLOGIES INC.	20.004800192007682	50.01	Directed	50.01
RU*110165154653	DELL TECHNOLOGIES INC.	100.0	0.0	Directed	50.01
RU*110165154707	DELL TECHNOLOGIES INC.	100.0	0.0	Directed	50.01
RU*110165154735	DELL TECHNOLOGIES INC.	100.0	0.0	Directed	50.01
RU*110165154738	DELL TECHNOLOGIES INC.	100.0	0.0	Directed	50.01
RU09780258	IE465392	100.0	0.0	Directed	99.0
RU17886284N	IE359440	100.0	0.0	Directed	99.9
RU2-147708	US742487834	100.0	100.0	Directed	100.0
RU72439486	US042680009	100.0	100.0	Directed	100.0
RU78966471	IE465392	100.0	100.0	Directed	100.0
RU80878952	NL33305952	56.89491681273527	0.0	Directed	99.0
RU80878952	US742487834	28.734806471078418	100.0	Directed	100.0
RU80878952	DELL TECHNOLOGIES INC.	14.370276716186316	50.01	Directed	50.01
SA*110165154499	DELL TECHNOLOGIES INC.	100.0	0.0	Directed	50.01
SA*110165154844	DELL TECHNOLOGIES INC.	100.0	0.0	Directed	50.01
SA2-147710	US742487834	100.0	100.0	Directed	100.0
SE*110002001595	US742487834	100.0	0.0	Directed	50.01
SE2-147721	US742487834	100.0	100.0	Directed	100.0
SE5561745638	IE465392	100.0	100.0	Directed	100.0
SE5561745638	DELL TECHNOLOGIES INC.	0.0	50.01	Directed	50.01
SE5562982115	US042680009	100.0	100.0	Directed	100.0
SE5563696631	DELL TECHNOLOGIES INC.	100.0	100.0	Directed	100.0
SE5565514295	US042680009	100.0	100.0	Directed	100.0
SE5566020433	IE359440	100.0	100.0	Directed	100.0
SE5567122188	IE402208	100.0	100.0	Directed	100.0
SE5567122188	US943292913	0.0	50.01	Directed	50.01
SG*110002001632	US742487834	100.0	0.0	Directed	50.01
SG199406777D	US042680009	66.66222251849877	100.0	Directed	100.0
SG199406777D	DELL TECHNOLOGIES INC.	33.337777481501234	50.01	Directed	50.01
SG200307789E	US943292913	66.66666666666667	0.0	Directed	50.01
SG200307789E	DELL TECHNOLOGIES INC.	33.333333333333336	50.01	Directed	50.01
SG200408037W	US*B000059931	100.0	100.0	Directed	100.0
SG200408037W	DELL TECHNOLOGIES INC.	0.0	50.01	Directed	50.01
SG200411173D	US742487834	100.0	0.0	Directed	50.01
SG200719134E	US742487834	66.66666666666667	0.0	Directed	50.01
SG200719134E	DELL TECHNOLOGIES INC.	33.333333333333336	50.01	Directed	50.01
SG200720227K	NL24169365	100.0	100.0	Directed	100.0
SG200720227K	US742487834	0.0	100.0	Directed	100.0
SG200720227K	DELL TECHNOLOGIES INC.	0.0	50.01	Directed	50.01
SG201024114R	DELL TECHNOLOGIES INC.	100.0	0.0	Directed	50.01
SG201306678R	DELL TECHNOLOGIES INC.	100.0	0.0	Directed	50.01
SK35848481	NL24169365	57.13877539358267	0.0	Directed	99.99
SK35848481	US742487834	28.572244921283463	100.0	Directed	100.0
SK35848481	DELL TECHNOLOGIES INC.	14.28897968513386	50.01	Directed	50.01
SK50147374	IE296774	100.0	0.0	Directed	85.0
SV2-147634	US742487834	100.0	100.0	Directed	100.0
SV2-147634	DELL TECHNOLOGIES INC.	0.0	50.01	Directed	50.01
TH*110136984745	US943292913	66.66666666666667	0.0	Directed	50.01
TH*110136984745	DELL TECHNOLOGIES INC.	33.333333333333336	50.01	Directed	50.01
TH0105536054111	US042680009	79.90032554961617	0.0	Directed	99.4
TH0105536054111	DELL TECHNOLOGIES INC.	20.099674450383826	50.01	Directed	50.01
TH0105538105783	US742487834	20.00640076809217	50.01	Directed	50.01
TH0105538105783	US*B000059931	79.99359923190782	0.0	Directed	99.98
TH2-147726	US742487834	100.0	100.0	Directed	100.0
TN*110165154550	DELL TECHNOLOGIES INC.	100.0	0.0	Directed	50.01
TR*110136984746	US943292913	66.66666666666667	0.0	Directed	50.01
TR*110136984746	DELL TECHNOLOGIES INC.	33.333333333333336	50.01	Directed	50.01
TR2-147728	US742487834	100.0	100.0	Directed	100.0
TR244279F	US042680009	0.0	100.0	Directed	100.0
TR244279F	NL30115829	100.0	100.0	Directed	100.0
TR509203F	NL33305952	79.9164692181037	0.0	Directed	99.5
TR509203F	DELL TECHNOLOGIES INC.	20.08353078189631	50.01	Directed	50.01
TT2-147727	US742487834	100.0	100.0	Directed	100.0
TW24977042	US943292913	66.66666666666667	0.0	Directed	50.01
TW24977042	DELL TECHNOLOGIES INC.	33.333333333333336	50.01	Directed	50.01
TW27727217	US742487834	100.0	0.0	Directed	50.01
UA*110165154719	DELL TECHNOLOGIES INC.	100.0	0.0	Directed	50.01
UA2-147729	US742487834	100.0	100.0	Directed	100.0
UA2-147729	DELL TECHNOLOGIES INC.	0.0	50.01	Directed	50.01
UA35077983	NL33305952	79.83549050441515	0.0	Directed	99.0
UA35077983	US742487834	20.164509495584856	50.01	Directed	50.01
US*110002001545	US742487834	100.0	0.0	Directed	50.01
US*110002001546	US742487834	100.0	0.0	Directed	50.01
US*110002001547	US742487834	100.0	0.0	Directed	50.01
US*110002001548	US742487834	100.0	0.0	Directed	50.01
US*110002001550	US742487834	66.66666666666667	0.0	Directed	50.01
US*110002001550	DELL TECHNOLOGIES INC.	33.333333333333336	50.01	Directed	50.01
US*110002001552	US742487834	100.0	0.0	Directed	50.01
US*110002001553	US742487834	100.0	0.0	Directed	50.01
US*110002001554	US742487834	100.0	0.0	Directed	50.01
US*110002001555	US742487834	100.0	0.0	Directed	50.01
US*110002001556	US742487834	100.0	0.0	Directed	50.01
US*110002001557	US742487834	100.0	0.0	Directed	50.01
US*110002001558	US742487834	100.0	0.0	Directed	50.01
US*110002001559	US742487834	100.0	0.0	Directed	50.01
US*110002001561	US742487834	66.66666666666667	0.0	Directed	50.01
US*110002001561	DELL TECHNOLOGIES INC.	33.333333333333336	50.01	Directed	50.01
US*110009489546	US742487834	66.66666666666667	0.0	Directed	50.01
US*110009489546	DELL TECHNOLOGIES INC.	33.333333333333336	50.01	Directed	50.01
US*110136984736	US943292913	66.66666666666667	0.0	Directed	50.01
US*110136984736	DELL TECHNOLOGIES INC.	33.333333333333336	50.01	Directed	50.01
US*110136984748	US943292913	100.0	0.0	Directed	50.01
US*110165154495	DELL TECHNOLOGIES INC.	100.0	0.0	Directed	50.01
US*110165154496	DELL TECHNOLOGIES INC.	100.0	0.0	Directed	50.01
US*110165154507	DELL TECHNOLOGIES INC.	100.0	0.0	Directed	50.01
US*110165154509	DELL TECHNOLOGIES INC.	100.0	0.0	Directed	50.01
US*110165154523	DELL TECHNOLOGIES INC.	100.0	0.0	Directed	50.01
US*110165154524	DELL TECHNOLOGIES INC.	100.0	0.0	Directed	50.01
US*110165154542	DELL TECHNOLOGIES INC.	100.0	0.0	Directed	50.01
US*110165154555	DELL TECHNOLOGIES INC.	100.0	0.0	Directed	50.01
US*110165154556	DELL TECHNOLOGIES INC.	100.0	0.0	Directed	50.01
US*110165154557	DELL TECHNOLOGIES INC.	100.0	0.0	Directed	50.01
US*110165154563	DELL TECHNOLOGIES INC.	100.0	0.0	Directed	50.01
US*110165154575	DELL TECHNOLOGIES INC.	100.0	0.0	Directed	50.01
US*110165154576	DELL TECHNOLOGIES INC.	100.0	0.0	Directed	50.01
US*110165154577	DELL TECHNOLOGIES INC.	100.0	0.0	Directed	50.01
US*110165154583	DELL TECHNOLOGIES INC.	100.0	0.0	Directed	50.01
US*110165154614	DELL TECHNOLOGIES INC.	100.0	0.0	Directed	50.01
US*110165154618	DELL TECHNOLOGIES INC.	100.0	0.0	Directed	50.01
US*110165154626	DELL TECHNOLOGIES INC.	100.0	0.0	Directed	50.01
US*110165154645	DELL TECHNOLOGIES INC.	100.0	0.0	Directed	50.01
US*110165154646	DELL TECHNOLOGIES INC.	100.0	0.0	Directed	50.01
US*110165154652	DELL TECHNOLOGIES INC.	100.0	0.0	Directed	50.01
US*110165154659	DELL TECHNOLOGIES INC.	100.0	0.0	Directed	50.01
US*110165154700	DELL TECHNOLOGIES INC.	100.0	0.0	Directed	50.01
US*110165154724	DELL TECHNOLOGIES INC.	100.0	0.0	Directed	50.01
US*110165154737	DELL TECHNOLOGIES INC.	100.0	0.0	Directed	50.01
US*110165154740	DELL TECHNOLOGIES INC.	100.0	0.0	Directed	50.01
US*110165154755	DELL TECHNOLOGIES INC.	100.0	0.0	Directed	50.01
US*110165154756	DELL TECHNOLOGIES INC.	100.0	0.0	Directed	50.01
US*110165154758	DELL TECHNOLOGIES INC.	100.0	0.0	Directed	50.01
US*110165154760	DELL TECHNOLOGIES INC.	100.0	0.0	Directed	50.01
US*110165154761	DELL TECHNOLOGIES INC.	100.0	0.0	Directed	50.01
US*110165154763	DELL TECHNOLOGIES INC.	100.0	0.0	Directed	50.01
US*110165154769	DELL TECHNOLOGIES INC.	100.0	0.0	Directed	50.01
US*110165154770	DELL TECHNOLOGIES INC.	100.0	0.0	Directed	50.01
US*110165154771	DELL TECHNOLOGIES INC.	100.0	0.0	Directed	50.01
US*110165154773	DELL TECHNOLOGIES INC.	100.0	0.0	Directed	50.01
US*110165154791	DELL TECHNOLOGIES INC.	100.0	0.0	Directed	50.01
US*110165154792	DELL TECHNOLOGIES INC.	100.0	0.0	Directed	50.01
US*110165154793	DELL TECHNOLOGIES INC.	100.0	0.0	Directed	50.01
US*110165154794	DELL TECHNOLOGIES INC.	100.0	0.0	Directed	50.01
US*110165154795	DELL TECHNOLOGIES INC.	100.0	0.0	Directed	50.01
US*110165154797	DELL TECHNOLOGIES INC.	100.0	0.0	Directed	50.01
US*110165154808	DELL TECHNOLOGIES INC.	100.0	0.0	Directed	50.01
US*110165154809	DELL TECHNOLOGIES INC.	100.0	0.0	Directed	50.01
US*110165154812	DELL TECHNOLOGIES INC.	100.0	0.0	Directed	50.01
US*110165154828	DELL TECHNOLOGIES INC.	100.0	0.0	Directed	50.01
US*110165154830	DELL TECHNOLOGIES INC.	100.0	0.0	Directed	50.01
US*110165154831	DELL TECHNOLOGIES INC.	100.0	0.0	Directed	50.01
US*110165154839	DELL TECHNOLOGIES INC.	100.0	0.0	Directed	50.01
US*110165154840	DELL TECHNOLOGIES INC.	100.0	0.0	Directed	50.01
US*1550050246	US943292913	66.66666666666667	0.0	Directed	50.01
US*1550050246	DELL TECHNOLOGIES INC.	33.333333333333336	50.01	Directed	50.01
US*1550086907	US742487834	66.66666666666667	0.0	Directed	50.01
US*1550086907	DELL TECHNOLOGIES INC.	33.333333333333336	50.01	Directed	50.01
US*1550086908	US742487834	66.66666666666667	0.0	Directed	50.01
US*1550086908	DELL TECHNOLOGIES INC.	33.333333333333336	50.01	Directed	50.01
US*1550156973	US742487834	100.0	0.0	Directed	50.01
US*1550156974	US742487834	100.0	0.0	Directed	50.01
US*1550156975	US742487834	100.0	0.0	Directed	50.01
US*1550156985	US742487834	100.0	0.0	Directed	50.01
US*1550156993	US742487834	100.0	0.0	Directed	50.01
US*1550156998	US742487834	100.0	0.0	Directed	50.01
US*1550180374	US042680009	100.0	100.0	Directed	100.0
US*190521501150	DELL TECHNOLOGIES INC.	100.0	0.0	Directed	50.01
US*190521507741	US943292913	66.66666666666667	0.0	Directed	50.01
US*190521507741	DELL TECHNOLOGIES INC.	33.333333333333336	50.01	Directed	50.01
US*190521510360	US742487834	100.0	100.0	Directed	100.0
US*190521512641	US742487834	100.0	0.0	Directed	50.01
US*190521527453	DELL TECHNOLOGIES INC.	100.0	0.0	Directed	50.01
US*190521541790	US208525416L	100.0	100.0	Directed	100.0
US*190521541790	DELL TECHNOLOGIES INC.	0.0	50.01	Directed	50.01
US*191797479	DELL TECHNOLOGIES INC.	100.0	0.0	Directed	50.01
US*845593717	US742487834	66.66666666666667	0.0	Directed	50.01
US*845593717	DELL TECHNOLOGIES INC.	33.333333333333336	50.01	Directed	50.01
US*901074126	US742487834	66.66666666666667	0.0	Directed	50.01
US*901074126	DELL TECHNOLOGIES INC.	33.333333333333336	50.01	Directed	50.01
US*901398104	US742487834	100.0	0.0	Directed	50.01
US*901398112	US742487834	100.0	0.0	Directed	50.01
US*901398114	US742487834	100.0	0.0	Directed	50.01
US*901398116	US742487834	100.0	0.0	Directed	50.01
US*901398120	US742487834	100.0	0.0	Directed	50.01
US*903115775	US742487834	100.0	0.0	Directed	50.01
US*903115841	US742487834	100.0	0.0	Directed	50.01
US*903115843	US742487834	100.0	0.0	Directed	50.01
US*903115845	US742487834	100.0	0.0	Directed	50.01
US*903115847	US742487834	100.0	0.0	Directed	50.01
US*904566990	US042680009	100.0	100.0	Directed	100.0
US*907135369	US042680009	100.0	100.0	Directed	100.0
US*918312619	US742487834	100.0	0.0	Directed	50.01
US*918312669	US742487834	100.0	0.0	Directed	50.01
US*918312687	US742487834	100.0	0.0	Directed	50.01
US*918312699	US742487834	100.0	0.0	Directed	50.01
US*918312703	US742487834	100.0	0.0	Directed	50.01
US*918312705	US742487834	100.0	0.0	Directed	50.01
US*918312707	US742487834	100.0	0.0	Directed	50.01
US*918312709	US742487834	100.0	0.0	Directed	50.01
US*918312711	US742487834	100.0	0.0	Directed	50.01
US*918312713	US742487834	100.0	0.0	Directed	50.01
US*918312715	US742487834	100.0	0.0	Directed	50.01
US*918312717	US742487834	100.0	0.0	Directed	50.01
US*918312720	US742487834	100.0	0.0	Directed	50.01
US*921177958	US742487834	100.0	0.0	Directed	50.01
US*B000040189	US742487834	100.0	50.01	Directed	50.01
US*B000055535	DELL TECHNOLOGIES INC.	100.0	0.0	Directed	50.01
US*B000056356	DELL TECHNOLOGIES INC.	100.0	0.0	Directed	50.01
US*B000059931	DELL TECHNOLOGIES INC.	100.0	50.01	Directed	50.01
US*B000066962	US742487834	100.0	0.0	Directed	50.01
US*B000073053	US202128972L	66.66666666666667	50.01	Directed	50.01
US*B000073053	DELL TECHNOLOGIES INC.	33.333333333333336	50.01	Directed	50.01
US*B000086362	US042680009	100.0	99.0	Directed	99.0
US*B000098758	US371434895	100.0	99.0	Directed	99.0
US*L000000251109	US042680009	66.66666666666667	0.0	Directed	50.01
US*L000000251109	DELL TECHNOLOGIES INC.	33.333333333333336	50.01	Directed	50.01
US*L000000433594	US042680009	100.0	100.0	Directed	100.0
US*L000000433594	DELL TECHNOLOGIES INC.	0.0	50.01	Directed	50.01
US*Z00041022	US943292913	100.0	100.0	Directed	100.0
US042680009	US371434895	79.83549050441515	99.0	Directed	99.0
US042680009	DELL TECHNOLOGIES INC.	20.164509495584856	50.01	Directed	50.01
US042916506	US042680009	100.0	0.0	Directed	50.01
US113022-111	US742487834	100.0	100.0	Directed	100.0
US120396591L	US126501551L	100.0	0.0	Directed	50.01
US123292889L	US742487834	100.0	0.0	Directed	50.01
US123400849L	US943292913	100.0	0.0	Directed	50.01
US123596464L	US742487834	100.0	0.0	Directed	50.01
US123638774L	US042680009	100.0	0.0	Directed	50.01
US123784940L	US132941337L	100.0	0.0	Directed	50.01
US123928422L	US943292913	100.0	0.0	Directed	50.01
US123992520L	US126501551L	100.0	0.0	Directed	50.01
US123995800L	US042680009	100.0	0.0	Directed	50.01
US124075984L	US860385884	100.0	0.0	Directed	50.01
US125800860L	US126501551L	100.0	0.0	Directed	50.01
US126002296L	US149130083L	100.0	0.0	Directed	50.01
US126006216L	US742487834	100.0	0.0	Directed	50.01
US126089436L	US742487834	100.0	0.0	Directed	50.01
US126106188L	US742487834	100.0	0.0	Directed	50.01
US126265718L	US042680009	100.0	0.0	Directed	50.01
US126501551L	US042916506	100.0	0.0	Directed	50.01
US127310309L	US742487834	100.0	0.0	Directed	50.01
US127564963L	US770104275	100.0	0.0	Directed	50.01
US127791632L	US742487834	100.0	0.0	Directed	50.01
US128141317L	US742487834	100.0	0.0	Directed	50.01
US128199641L	US228218549L	100.0	0.0	Directed	50.01
US128201761L	US742487834	100.0	0.0	Directed	50.01
US128317439L	US128141317L	100.0	0.0	Directed	50.01
US128387158L	US042916506	100.0	0.0	Directed	50.01
US128870544L	US742487834	100.0	0.0	Directed	50.01
US128992782L	US742487834	100.0	0.0	Directed	50.01
US128993296L	US742487834	100.0	0.0	Directed	50.01
US129008668L	US129008669L	100.0	0.0	Directed	50.01
US129008669L	US943292913	100.0	100.0	Directed	100.0
US129124028L	US742487834	100.0	0.0	Directed	50.01
US129124033L	US742487834	100.0	0.0	Directed	50.01
US129207709L	US742487834	100.0	0.0	Directed	50.01
US129279567L	US042680009	100.0	0.0	Directed	50.01
US129315245L	US742487834	100.0	100.0	Directed	100.0
US129315245L	DELL TECHNOLOGIES INC.	0.0	50.01	Directed	50.01
US129558316L	US742487834	100.0	0.0	Directed	50.01
US129623138L	US042680009	100.0	0.0	Directed	50.01
US129703747L	US742487834	100.0	50.01	Directed	50.01
US130102559L	US742487834	100.0	0.0	Directed	50.01
US130227430L	US742487834	100.0	0.0	Directed	50.01
US130251419L	US742487834	100.0	100.0	Directed	100.0
US130266221L	US742487834	100.0	0.0	Directed	50.01
US130699166L	US042680009	100.0	0.0	Directed	50.01
US130862900L	US770104275	100.0	0.0	Directed	50.01
US131301187L	US131390426L	100.0	0.0	Directed	50.01
US131325879L	US770104275	100.0	0.0	Directed	50.01
US131390426L	US742487834	100.0	0.0	Directed	50.01
US131621177L	US042916506	100.0	0.0	Directed	50.01
US131864965L	US912101027	100.0	0.0	Directed	50.01
US132920951L	US742487834	100.0	0.0	Directed	50.01
US132941337L	US742487834	66.66666666666667	0.0	Directed	50.01
US132941337L	DELL TECHNOLOGIES INC.	33.333333333333336	50.01	Directed	50.01
US132998238L	US742487834	100.0	0.0	Directed	50.01
US133365965L	US742487834	100.0	0.0	Directed	50.01
US133369804L	US042680009	100.0	0.0	Directed	50.01
US134459526L	US132941337L	100.0	0.0	Directed	50.01
US134654349L	US042680009	100.0	0.0	Directed	50.01
US134709205L	US742487834	100.0	50.01	Directed	50.01
US134780630L	US146295332L	100.0	0.0	Directed	50.01
US134898845L	US742487834	100.0	0.0	Directed	50.01
US134976575L	US742487834	100.0	0.0	Directed	50.01
US135869106L	US742487834	100.0	0.0	Directed	50.01
US136018141L	US742487834	100.0	0.0	Directed	50.01
US136235638L	US742487834	100.0	0.0	Directed	50.01
US137599454L	US126501551L	100.0	0.0	Directed	50.01
US138966568L	US742487834	100.0	0.0	Directed	50.01
US140058660L	US742487834	100.0	0.0	Directed	50.01
US142031917L	US126501551L	100.0	0.0	Directed	50.01
US142562271L	US123292889L	100.0	0.0	Directed	50.01
US142690566L	US042680009	100.0	100.0	Directed	100.0
US142936631L	US770104275	100.0	0.0	Directed	50.01
US144116744L	US042680009	100.0	0.0	Directed	50.01
US144313054L	US742487834	100.0	0.0	Directed	50.01
US144323737L	US042680009	100.0	0.0	Directed	50.01
US144740217L	US742487834	100.0	0.0	Directed	50.01
US144852099L	US042680009	100.0	0.0	Directed	50.01
US145076112L	US042680009	100.0	0.0	Directed	50.01
US145176131L	US742487834	100.0	0.0	Directed	50.01
US145447055L	US126501551L	100.0	0.0	Directed	50.01
US145626748L	US126501551L	100.0	0.0	Directed	50.01
US145786935L	US742487834	100.0	0.0	Directed	50.01
US146295332L	US742487834	100.0	0.0	Directed	50.01
US146301877L	US149143166L	100.0	0.0	Directed	50.01
US146344330L	US149143166L	100.0	0.0	Directed	50.01
US146619010L	US742487834	100.0	0.0	Directed	50.01
US146974650L	US042916506	100.0	0.0	Directed	50.01
US147567022L	US742487834	100.0	0.0	Directed	50.01
US147598001L	US042680009	100.0	0.0	Directed	50.01
US147678712L	US042680009	100.0	0.0	Directed	50.01
US147820535L	US126501551L	100.0	0.0	Directed	50.01
US148542552L	US042680009	100.0	0.0	Directed	50.01
US148823333L	US042680009	100.0	0.0	Directed	50.01
US149108773L	US860385884	100.0	0.0	Directed	50.01
US149112717L	US042680009	100.0	0.0	Directed	50.01
US149120396L	US042680009	100.0	0.0	Directed	50.01
US149120608L	US042680009	100.0	0.0	Directed	50.01
US149130083L	US742487834	100.0	0.0	Directed	50.01
US149143166L	US770104275	100.0	0.0	Directed	50.01
US149147007L	US042680009	100.0	0.0	Directed	50.01
US149161242L	US770270079	100.0	0.0	Directed	50.01
US149190175L	US270463349	100.0	0.0	Directed	50.01
US149193714L	US042680009	100.0	0.0	Directed	50.01
US150238526L	US742487834	66.66666666666667	0.0	Directed	50.01
US150238526L	DELL TECHNOLOGIES INC.	33.333333333333336	50.01	Directed	50.01
US160407525L	US042680009	100.0	0.0	Directed	50.01
US161549874L	US770270079	100.0	0.0	Directed	50.01
US161563188L	US742487834	100.0	0.0	Directed	50.01
US161799618L	US742487834	100.0	0.0	Directed	50.01
US161806542L	US742487834	100.0	0.0	Directed	50.01
US161820168L	US742487834	100.0	0.0	Directed	50.01
US163234809L	US042680009	100.0	0.0	Directed	50.01
US163407240L	US943292913	100.0	100.0	Directed	100.0
US165089808L	US149112717L	100.0	0.0	Directed	50.01
US165108813L	US742487834	100.0	0.0	Directed	50.01
US165173457L	US742487834	100.0	0.0	Directed	50.01
US165216657L	US742487834	100.0	0.0	Directed	50.01
US165229299L	US742487834	100.0	0.0	Directed	50.01
US165674082L	US042916506	100.0	0.0	Directed	50.01
US167269839L	US042680009	100.0	0.0	Directed	50.01
US168358692L	US943292913	100.0	0.0	Directed	50.01
US168719232L	US742487834	100.0	0.0	Directed	50.01
US168898872L	US042680009	100.0	0.0	Directed	50.01
US168901515L	US042680009	100.0	0.0	Directed	50.01
US168920070L	US042680009	100.0	0.0	Directed	50.01
US169343541L	US042680009	100.0	0.0	Directed	50.01
US169514643L	US042680009	100.0	0.0	Directed	50.01
US169721946L	US943292913	100.0	0.0	Directed	50.01
US171537522L	US149112717L	100.0	0.0	Directed	50.01
US173560452L	US742487834	100.0	0.0	Directed	50.01
US173561412L	US742487834	100.0	0.0	Directed	50.01
US174436959L	US742487834	66.66666666666667	0.0	Directed	50.01
US174436959L	DELL TECHNOLOGIES INC.	33.333333333333336	50.01	Directed	50.01
US178465104L	US770104275	100.0	0.0	Directed	50.01
US179767791L	US042916506	100.0	0.0	Directed	50.01
US181533189L	US371434895	100.0	0.0	Directed	50.01
US184453437L	US742487834	100.0	0.0	Directed	50.01
US184528689L	US943292913	100.0	0.0	Directed	50.01
US185882943L	US912101027	100.0	100.0	Directed	100.0
US186063510L	US742487834	100.0	0.0	Directed	50.01
US187075350L	US742487834	100.0	0.0	Directed	50.01
US189721257L	US042680009	100.0	0.0	Directed	50.01
US190578042L	US169343541L	100.0	0.0	Directed	50.01
US191301105L	US742487834	66.66666666666667	0.0	Directed	50.01
US191301105L	DELL TECHNOLOGIES INC.	33.333333333333336	50.01	Directed	50.01
US192690906L	US742487834	100.0	0.0	Directed	50.01
US199389876L	US042680009	100.0	0.0	Directed	50.01
US2-147737	US742487834	100.0	100.0	Directed	100.0
US2-147738	US742487834	100.0	100.0	Directed	100.0
US2-147740	US742487834	100.0	100.0	Directed	100.0
US2-147740	DELL TECHNOLOGIES INC.	0.0	50.01	Directed	50.01
US2-147741	US742487834	100.0	100.0	Directed	100.0
US2-147744	US742487834	100.0	100.0	Directed	100.0
US2-147745	US742487834	100.0	100.0	Directed	100.0
US2-147746	US742487834	100.0	100.0	Directed	100.0
US2-147747	US742487834	100.0	100.0	Directed	100.0
US2-147747	DELL TECHNOLOGIES INC.	0.0	50.01	Directed	50.01
US2-147748	US742487834	100.0	100.0	Directed	100.0
US2-147749	US742487834	100.0	100.0	Directed	100.0
US2-147750	US742487834	100.0	100.0	Directed	100.0
US2-147750	DELL TECHNOLOGIES INC.	0.0	50.01	Directed	50.01
US2-147751	US742487834	100.0	100.0	Directed	100.0
US2-147753	US742487834	100.0	100.0	Directed	100.0
US2-147754	US742487834	100.0	100.0	Directed	100.0
US2-147756	US742487834	100.0	100.0	Directed	100.0
US2-147756	DELL TECHNOLOGIES INC.	0.0	50.01	Directed	50.01
US2-147757	US742487834	100.0	100.0	Directed	100.0
US2-147758	US742487834	100.0	100.0	Directed	100.0
US2-147759	US742487834	100.0	100.0	Directed	100.0
US2-147759	DELL TECHNOLOGIES INC.	0.0	50.01	Directed	50.01
US2-147762	US742487834	100.0	100.0	Directed	100.0
US2-147763	US742487834	100.0	100.0	Directed	100.0
US2-147763	DELL TECHNOLOGIES INC.	0.0	50.01	Directed	50.01
US2-147764	US742487834	100.0	100.0	Directed	100.0
US2-147765	US742487834	100.0	100.0	Directed	100.0
US2-147766	US742487834	100.0	100.0	Directed	100.0
US2-147767	US742487834	100.0	100.0	Directed	100.0
US2-147767	DELL TECHNOLOGIES INC.	0.0	50.01	Directed	50.01
US2-147768	US742487834	100.0	100.0	Directed	100.0
US2-147768	DELL TECHNOLOGIES INC.	0.0	50.01	Directed	50.01
US2-147769	US742487834	100.0	100.0	Directed	100.0
US2-147770	US742487834	100.0	100.0	Directed	100.0
US2-147771	US742487834	100.0	100.0	Directed	100.0
US2-147772	US742487834	100.0	100.0	Directed	100.0
US2-147773	US742487834	100.0	100.0	Directed	100.0
US2-147776	US742487834	100.0	100.0	Directed	100.0
US2-147777	US742487834	100.0	100.0	Directed	100.0
US2-147777	DELL TECHNOLOGIES INC.	0.0	50.01	Directed	50.01
US2-147778	US742487834	100.0	100.0	Directed	100.0
US2-147780	US742487834	100.0	100.0	Directed	100.0
US2-147782	US742487834	100.0	100.0	Directed	100.0
US2-147782	DELL TECHNOLOGIES INC.	0.0	50.01	Directed	50.01
US2-147784	US742487834	100.0	100.0	Directed	100.0
US2-147784	DELL TECHNOLOGIES INC.	0.0	50.01	Directed	50.01
US2-147785	US742487834	100.0	100.0	Directed	100.0
US2-147785	DELL TECHNOLOGIES INC.	0.0	50.01	Directed	50.01
US2-147786	US742487834	100.0	100.0	Directed	100.0
US2-147786	DELL TECHNOLOGIES INC.	0.0	50.01	Directed	50.01
US2-147788	US742487834	100.0	100.0	Directed	100.0
US2-147788	DELL TECHNOLOGIES INC.	0.0	50.01	Directed	50.01
US2-147789	US742487834	100.0	100.0	Directed	100.0
US2-147789	DELL TECHNOLOGIES INC.	0.0	50.01	Directed	50.01
US2-147790	US742487834	100.0	100.0	Directed	100.0
US2-147790	DELL TECHNOLOGIES INC.	0.0	50.01	Directed	50.01
US2-147791	US742487834	100.0	100.0	Directed	100.0
US2-147791	DELL TECHNOLOGIES INC.	0.0	50.01	Directed	50.01
US2-147792	US742487834	100.0	100.0	Directed	100.0
US2-147792	DELL TECHNOLOGIES INC.	0.0	50.01	Directed	50.01
US2-147793	US742487834	100.0	100.0	Directed	100.0
US2-147794	US742487834	100.0	100.0	Directed	100.0
US2-147795	US742487834	100.0	100.0	Directed	100.0
US2-147796	US742487834	100.0	100.0	Directed	100.0
US2-147797	US742487834	100.0	100.0	Directed	100.0
US2-147797	DELL TECHNOLOGIES INC.	0.0	50.01	Directed	50.01
US2-147798	US742487834	100.0	100.0	Directed	100.0
US2-147800	US742487834	100.0	100.0	Directed	100.0
US2-147800	DELL TECHNOLOGIES INC.	0.0	50.01	Directed	50.01
US2-147801	US742487834	100.0	100.0	Directed	100.0
US2-147802	US742487834	100.0	100.0	Directed	100.0
US2-147804	US742487834	100.0	100.0	Directed	100.0
US2-147804	DELL TECHNOLOGIES INC.	0.0	50.01	Directed	50.01
US2-147805	US742487834	100.0	100.0	Directed	100.0
US2-147805	DELL TECHNOLOGIES INC.	0.0	50.01	Directed	50.01
US2-147806	US742487834	100.0	100.0	Directed	100.0
US2-147806	DELL TECHNOLOGIES INC.	0.0	50.01	Directed	50.01
US2-147807	US742487834	100.0	100.0	Directed	100.0
US2-147809	US742487834	100.0	100.0	Directed	100.0
US2-46393	US042680009	100.0	100.0	Directed	100.0
US2-46393	DELL TECHNOLOGIES INC.	0.0	50.01	Directed	50.01
US2-46455	DELL TECHNOLOGIES INC.	100.0	50.01	Directed	50.01
US2-46465	US042680009	100.0	100.0	Directed	100.0
US2-46465	DELL TECHNOLOGIES INC.	0.0	50.01	Directed	50.01
US2-46501	US943292913	79.83549050441515	99.0	Directed	99.0
US2-46501	DELL TECHNOLOGIES INC.	20.164509495584856	50.01	Directed	50.01
US2-46506	US042680009	100.0	100.0	Directed	100.0
US2-46506	DELL TECHNOLOGIES INC.	0.0	50.01	Directed	50.01
US2-75769	US042680009	100.0	100.0	Directed	100.0
US2-75769	DELL TECHNOLOGIES INC.	0.0	50.01	Directed	50.01
US2-75770	US042680009	100.0	100.0	Directed	100.0
US2-75771	US042680009	100.0	100.0	Directed	100.0
US2-75772	US042680009	100.0	100.0	Directed	100.0
US2-75775	US042680009	100.0	100.0	Directed	100.0
US2-75775	DELL TECHNOLOGIES INC.	0.0	50.01	Directed	50.01
US201351900L	US742487834	100.0	0.0	Directed	50.01
US202128972L	US742487834	100.0	0.0	Directed	50.01
US202307151L	US742487834	100.0	0.0	Directed	50.01
US205947321L	US943292913	100.0	0.0	Directed	50.01
US208212006L	US371434895	100.0	0.0	Directed	50.01
US208525416L	US042680009	100.0	0.0	Directed	50.01
US210006687L	US742487834	100.0	0.0	Directed	50.01
US220028897L	US042680009	100.0	0.0	Directed	50.01
US220705658L	US742487834	100.0	0.0	Directed	50.01
US223735628L	US742487834	100.0	0.0	Directed	50.01
US223824701L	US126501551L	100.0	0.0	Directed	50.01
US223854131L	US742487834	100.0	0.0	Directed	50.01
US224182928L	US943292913	100.0	0.0	Directed	50.01
US224200631L	US042680009	100.0	0.0	Directed	50.01
US224672753L	US943292913	100.0	100.0	Directed	100.0
US228218549L	US943292913	100.0	0.0	Directed	50.01
US228915656L	US943292913	100.0	0.0	Directed	50.01
US229312226L	US742487834	100.0	0.0	Directed	50.01
US229425998L	US042680009	100.0	0.0	Directed	50.01
US230243159L	US042680009	100.0	100.0	Directed	100.0
US230387114L	US742487834	100.0	0.0	Directed	50.01
US230823254L	US742487834	100.0	0.0	Directed	50.01
US230934263L	US042916506	100.0	0.0	Directed	50.01
US230943371L	US943292913	100.0	0.0	Directed	50.01
US231275468L	US943292913	100.0	100.0	Directed	100.0
US231398465L	US042680009	100.0	0.0	Directed	50.01
US231527003L	US257622791L	66.66666666666667	0.0	Directed	50.01
US231527003L	US943292913	33.333333333333336	50.01	Directed	50.01
US235219313L	US742487834	100.0	0.0	Directed	50.01
US235490291L	US742487834	100.0	0.0	Directed	50.01
US235552907L	US742487834	100.0	0.0	Directed	50.01
US235611797L	US742487834	100.0	0.0	Directed	50.01
US235621394L	US742487834	100.0	0.0	Directed	50.01
US236322152L	US742487834	100.0	0.0	Directed	50.01
US236841911L	US742487834	100.0	50.01	Directed	50.01
US238051097L	US742487834	100.0	0.0	Directed	50.01
US238297898L	US042680009	100.0	0.0	Directed	50.01
US238403135L	US742487834	100.0	0.0	Directed	50.01
US238411772L	US742487834	100.0	0.0	Directed	50.01
US239311091L	US742487834	100.0	0.0	Directed	50.01
US240398435L	US943292913	100.0	0.0	Directed	50.01
US240398660L	US943292913	100.0	100.0	Directed	100.0
US240583973L	US742487834	100.0	0.0	Directed	50.01
US240584555L	US042680009	100.0	0.0	Directed	50.01
US240745586L	US042680009	100.0	0.0	Directed	50.01
US240839027L	US230243159L	100.0	0.0	Directed	50.01
US241470221L	US128993296L	100.0	0.0	Directed	50.01
US241511057L	US742487834	100.0	0.0	Directed	50.01
US241628636L	US742487834	100.0	0.0	Directed	50.01
US241632389L	US742487834	100.0	0.0	Directed	50.01
US242022080L	US742487834	100.0	0.0	Directed	50.01
US242358815L	US943292913	100.0	0.0	Directed	50.01
US242848793L	US042680009	100.0	0.0	Directed	50.01
US243218936L	US742487834	100.0	0.0	Directed	50.01
US243503096L	US943292913	100.0	100.0	Directed	100.0
US243579911L	US042680009	100.0	0.0	Directed	50.01
US243611144L	US742487834	100.0	0.0	Directed	50.01
US243753317L	US742487834	100.0	0.0	Directed	50.01
US245156384L	US042680009	100.0	0.0	Directed	50.01
US245246174L	US742487834	100.0	0.0	Directed	50.01
US247125281L	US742487834	100.0	0.0	Directed	50.01
US249137333L	US240745586L	100.0	0.0	Directed	50.01
US249266900L	DELL TECHNOLOGIES INC.	100.0	0.0	Directed	50.01
US250764329L	US943292913	100.0	100.0	Directed	100.0
US253159313L	US224182928L	100.0	0.0	Directed	50.01
US253211084L	US742487834	100.0	100.0	Directed	100.0
US253211084L	DELL TECHNOLOGIES INC.	0.0	50.01	Directed	50.01
US253487015L	US742487834	100.0	0.0	Directed	50.01
US254647211L	US042680009	100.0	0.0	Directed	50.01
US256354418L	US742487834	100.0	100.0	Directed	100.0
US256354418L	DELL TECHNOLOGIES INC.	0.0	50.01	Directed	50.01
US256541579L	US266789132L	66.66666666666667	0.0	Directed	50.01
US256541579L	DELL TECHNOLOGIES INC.	33.333333333333336	50.01	Directed	50.01
US257622791L	US943292913	100.0	0.0	Directed	50.01
US257959424L	US230243159L	100.0	0.0	Directed	50.01
US258364589L	US042680009	100.0	0.0	Directed	50.01
US258863915L	US168719232L	100.0	100.0	Directed	100.0
US259243421L	US742487834	100.0	0.0	Directed	50.01
US259273253L	US149190175L	100.0	0.0	Directed	50.01
US262524374L	US742487834	100.0	100.0	Directed	100.0
US263017403L	US770104275	100.0	0.0	Directed	50.01
US263059427L	US943292913	100.0	0.0	Directed	50.01
US266009657L	US742487834	100.0	0.0	Directed	50.01
US266386799L	US742487834	100.0	100.0	Directed	100.0
US266386799L	DELL TECHNOLOGIES INC.	0.0	50.01	Directed	50.01
US266789132L	US742487834	100.0	100.0	Directed	100.0
US267248900L	US742487834	100.0	0.0	Directed	50.01
US267267461L	US124075984L	100.0	0.0	Directed	50.01
US267785144L	US042680009	100.0	0.0	Directed	50.01
US268258592L	DELL TECHNOLOGIES INC.	100.0	0.0	Directed	50.01
US268463336L	DELL TECHNOLOGIES INC.	100.0	0.0	Directed	50.01
US268614074L	US742487834	100.0	100.0	Directed	100.0
US268614074L	DELL TECHNOLOGIES INC.	0.0	50.01	Directed	50.01
US270411680L	US042916506	100.0	0.0	Directed	50.01
US270463349	DELL TECHNOLOGIES INC.	33.333333333333336	98.47	Directed	98.47
US270463349	US202128972L	66.66666666666667	0.0	Directed	98.47
US272907503L	US042680009	100.0	0.0	Directed	50.01
US273637061L	US042916506	100.0	0.0	Directed	50.01
US273682976L	US132998238L	100.0	0.0	Directed	50.01
US273903398L	US042680009	100.0	0.0	Directed	50.01
US275565875L	US042680009	66.66666666666667	0.0	Directed	50.01
US275565875L	DELL TECHNOLOGIES INC.	33.333333333333336	50.01	Directed	50.01
US278256065L	US042680009	100.0	0.0	Directed	50.01
US278594966L	US770270079	100.0	0.0	Directed	50.01
US279013346L	US168358692L	100.0	0.0	Directed	50.01
US280682060L	US943292913	100.0	0.0	Directed	50.01
US281081663L	US042680009	100.0	0.0	Directed	50.01
US283972091L	US042680009	100.0	0.0	Directed	50.01
US286389023L	US742487834	100.0	0.0	Directed	50.01
US291486197L	US268258592L	100.0	0.0	Directed	50.01
US295566392L	US042680009	100.0	0.0	Directed	50.01
US295639487L	US042680009	100.0	0.0	Directed	50.01
US295684358L	US042680009	100.0	0.0	Directed	50.01
US330485994	US042680009	100.0	0.0	Directed	50.01
US371434895	US742487834	100.0	0.0	Directed	50.01
US742487834	DELL TECHNOLOGIES INC.	0.0	50.01	Directed	50.01
US742487834	US*190521527453	100.0	100.0	Directed	100.0
US770104275	US042680009	100.0	0.0	Directed	50.01
US770270079	US742487834	100.0	0.0	Directed	50.01
US841208770	US132941337L	100.0	0.0	Directed	50.01
US860385884	US169343541L	100.0	0.0	Directed	50.01
US912101027	US042680009	100.0	50.01	Directed	50.01
US943292913	DELL TECHNOLOGIES INC.	33.33333333333333	97.65	Directed	97.65
US943292913	US042680009	66.66666666666666	0.0	Directed	97.65
US943412175	US*L000000251109	100.0	100.0	Directed	100.0
US943412175	DELL TECHNOLOGIES INC.	0.0	50.01	Directed	50.01
USAK-10002913	US*L000000251109	100.0	100.0	Directed	100.0
USAK-10026745	US*B000059931	100.0	100.0	Directed	100.0
USAK-128504	US*L000000251109	100.0	100.0	Directed	100.0
USAK-3910PF	US253211084L	100.0	0.0	Directed	51.0
USLEI102656	DELL TECHNOLOGIES INC.	100.0	0.0	Directed	50.01
USLEI16678	US742487834	100.0	0.0	Directed	50.01
USLEI16680	US742487834	100.0	100.0	Directed	100.0
USLEI305652	DELL TECHNOLOGIES INC.	100.0	0.0	Directed	50.01
USLEI381872	DELL TECHNOLOGIES INC.	100.0	0.0	Directed	50.01
USLEI425159	US742487834	100.0	100.0	Directed	100.0
USLEI425159	DELL TECHNOLOGIES INC.	0.0	50.01	Directed	50.01
USND-24320300	US266789132L	66.66666666666667	0.0	Directed	50.01
USND-24320300	DELL TECHNOLOGIES INC.	33.333333333333336	50.01	Directed	50.01
USND-27071700	US266386799L	100.0	0.0	Directed	50.01
USND-28490500	US2-147759	100.0	0.0	Directed	50.01
VE*901398179	US742487834	66.66666666666667	0.0	Directed	50.01
VE*901398179	DELL TECHNOLOGIES INC.	33.333333333333336	50.01	Directed	50.01
VE2-147810	US742487834	100.0	100.0	Directed	100.0
VEJ305788758	US042680009	100.0	100.0	Directed	100.0
VG*110165154806	DELL TECHNOLOGIES INC.	100.0	0.0	Directed	50.01
VG*918312604	US742487834	100.0	0.0	Directed	50.01
VG*918312606	US742487834	100.0	0.0	Directed	50.01
VG2-46486	US042680009	100.0	100.0	Directed	100.0
YY*Q000-750943	DELL TECHNOLOGIES INC.	100.0	100.0	Directed	100.0
YY2-46489	US042680009	100.0	100.0	Directed	100.0
YY2-75724	US042680009	100.0	100.0	Directed	100.0
ZA199500645107	US042680009	66.66222251849877	100.0	Directed	100.0
ZA199500645107	DELL TECHNOLOGIES INC.	33.337777481501234	50.01	Directed	50.01
ZA199500788307	US742487834	66.66666666666667	0.0	Directed	50.01
ZA199500788307	DELL TECHNOLOGIES INC.	33.333333333333336	50.01	Directed	50.01
