Id	Label	Country	turnover	employees	assets	profit_before_tax	profit_after_tax
US2-61012	F&T SERVICES LLC	US					
US2-60999	FORTH & TOWNE (ITM) INC	US					
US2-61011	FORTH & TOWNE LLC	US					
CN9366693288	GAP (SHANGHAI) COMMERCIAL CO., LTD.	US	407	60.0	249	-38.0	-52.0
HN2-61022	GAP INTERNATIONAL SOURCING (HONDURAS) SA DE CV	US					
TH0105543096266	GAP INTERNATIONAL SOURCING (THAILAND) CO LTD	US	1		1	0.0	0.0
AE2-61021	GAP INTERNATIONAL SOURCING FZE	US					
US2-60989	GAP INTERNATIONAL SOURCING INC	US					
US143286582L	GAP SERVICES INC	US	0	1.0			
US2-60982	GPS DISTRIBUTION FACILITIES LLC	US					
US2-60981	GPS PARK RESTAURANT INC	US					
US127452602L	GPS SERVICES	US	0	7.0			
US227444576L	GPS SERVICES INC	US					
ZA199901913807	GPS SOURCING (SOUTH AFRICA) (PTY) LTD	US					
US2-61010	GPSV LLC	US					
US246934349L	WEDDINGTON WAY INC	US	0	1.0			
GB02007379	BANANA REPUBLIC LIMITED	US			<0,5		
US123706235L	ATHLETA CORP	US					
US123706234L	ATHLETA INC	US					
US201880815L	ATHLETA INC	US					
US206939070L	ATHLETA INC	US					
US270842882L	ATHLETA INC	US					
US223808360L	ATHLETA LLC	US					
US273699416L	ATHLETA LLC	US					
US289786631L	ATHLETA LLC	US					
US160191450L	ATHLETA STE B	US					
US241184963L	ATHLETA STORE	US					
US241493732L	ATHLETA STORE	US					
US241511096L	ATHLETA STORE	US					
US124345275L	BANANA REPUBLIC	US					
US149959070L	BANANA REPUBLIC 1921 C	US					
US146859751L	BANANA REPUBLIC AT BRIDGEPORT VILLA	US					
US141628282L	BANANA REPUBLIC AT TULARE OUTLET CE	US					
US149736121L	BANANA REPUBLIC AUGUSTA MALL	US					
US141179416L	BANANA REPUBLIC BEVERLY CENTER	US					
US149900522L	BANANA REPUBLIC C	US					
US134849456L	BANANA REPUBLIC CA LLC	US					
CA193468251L	BANANA REPUBLIC CHINOOK CENTRE	US					
US143658854L	BANANA REPUBLIC FACTORY STORE	US					
US147840141L	BANANA REPUBLIC FACTORY STORE	US					
US161230512L	BANANA REPUBLIC FACTORY STORE	US					
US146347661L	BANANA REPUBLIC MENS STORE	US					
CA132742548L	BANANA REPUBLIC NEW FLOW	US					
US127147008L	BANANA REPUBLIC OUTLET STO	US					
US224337137L	BANANA REPUBLIC PRODUCTIONS LLC	US					
US161228826L	BANANA REPUBLIC QUARRY CRSS	US					
US175259502L	BANANA REPUBLIC REGGEA BAND	US					
CA192533370L	BANANA REPUBLIC RIDEAU CENTRE	US					
CA193468254L	BANANA REPUBLIC SOUTHCENTRE AB	US					
US140450987L	BANANA REPUBLIC STORE	US					
US129297272L	BANANA REPUBLIC WEST TOWN	US					
US147513572L	BANANA REPUBLIC WOMEN S STORE	US					
US120569802L	BANANA REPUBLIC WOMENS	US					
US141640791L	BANANA REPUBLIC WOMENS	US					
US252571682L	BANANA REPUBLIC-COLOR SERVICES	US					
US129588514L	BANANA REPUBLIC@HIGHLAND VILLA	US					
US137552608L	BANANA REPUBLICCOM	US					
US149195321L	FORTH & TOWNE	US					
US123284262L	FORTH & TOWNE C	US					
US134103774L	FORTH & TOWNE LLC	US					
US134621622L	FORTH & TOWNE LLC	US					
US138549003L	FORTH & TOWNE LLC	US					
US135221485L	OLD NAVY	US					
US144122541L	OLD NAVY	US					
US251309396L	OLD NAVY 19079 LBJ FREEWAY	US					
US150106276L	OLD NAVY 2000	US					
US144225076L	OLD NAVY AT SHOPPERS WORLD	US					
US142875070L	OLD NAVY AT STAINT JOHNSS TOWN CEN	US					
US123147575L	OLD NAVY C	US					
CA231951602L	OLD NAVY CANADA ONLINE	US					
US141440227L	OLD NAVY CLOTHING	US					
US145823103L	OLD NAVY CROSSING AT FOX RUN	US					
US136990097L	OLD NAVY DIST	US					
US149873744L	OLD NAVY HANFORD SHOPPING	US					
US135248406L	OLD NAVY HOLDINGS INC	US					
US177145008L	OLD NAVY LLC CALIFORNIA	US					
US131754251L	OLD NAVY OUTLET DC	US					
US142511031L	OLD NAVY OUTLETS	US					
CA149763351L	OLD NAVY QUINTE MALL	US					
US142273285L	OLD NAVY REGIONAL OFFICE	US					
US236593163L	OLD NAVY STORES	US					
US123918815L	OLD NAVY TOWNLINE SQ MALL	US					
US136366731L	OLD NAVYCOM	US					
US276912563L	OLDNAVY	US					
US279040901L	OLDNAVY	US					
US186725472L	PIPERLIME	US					
US133202881L	THE GAP	US					
US196933743L	GAP CENTER	US					
US269400578L	GAP CENTER INC	US					
US178990716L	GAP COM	US					
US183996624L	GAP DISTRIBUTING INC	US					
US136572236L	GAP DISTRIBUTING INC	US					
US143115032L	GAP GAP KIDS	US					
US125638438L	GAP INC	US					
US129375409L	GAP INC	US					
US124345279L	GAP INC	US					
US205390230L	GAP INC & SUBS	US					
US222493190L	GAP INC CAFE/KATIE IRISH	US					
US184225194L	GAP INC DIRECT	US					
US231047729L	GAP INC DIRECT	US					
US252337997L	GAP INC DIRECT	US					
US168922254L	GAP INC MICHAEL ANDERSON	US					
US166369272L	GAP INC-DISPLAY SHOES	US					
US251741279L	GAP INC-MAILROOM	US					
US144514389L	GAP INDUSTRIES	US					
US252010937L	GAP INDUSTRIES	US					
US287836424L	GAP INDUSTRIES INC	US					
US198610941L	GAP INTERNATIONAL	US					
US192810177L	GAP INTERNATIONAL	US					
US133336144L	GAP KIDS	US					
US282435701L	GAP LLC	US					
US135886022L	GAP OUTLET	US					
US145960346L	GAP REGIONAL OFFICE	US					
US271421747L	GAP STORE INC	US					
US161373246L	GAP THEATRE	US					
US192207327L	GAP THEATRE	US					
US137305007L	GAPKIDS	US					
US202435635L	GPS CONSUMER DIRECT INC	US					
US231973052L	MERCHANDISE PAYABLES TERM	US					
US250018985L	THE GAP CENTER	US					
US278098217L	THE GAP CENTER	US					
US273710288L	THE GAP COM	US					
US290105723L	THE GAP CORP	US					
US293762630L	THE GAP INC	US					
US2-60985	ATHLETA (ITM) INC	US					
US223577000L	ATHLETA LLC	US					
US2-60993	BANANA REPUBLIC (APPAREL) LLC	US					
US2-60994	BANANA REPUBLIC (ITM) INC	US					
JP2-61026	BANANA REPUBLIC (JAPAN) YK	US					
US2-61013	BANANA REPUBLIC LLC	US					
MXLEI331950	CORPORATE HQ SUPPORT MEXICO, S. DE R.L. DE C.V.	US					
US2-60996	DIRECT CONSUMER SERVICES LLC	US					
US2-60997	FORTH & TOWNE (APPAREL) LLC	US					
JP2-61036	FORTH & TOWNE (JAPAN) YK	US					
US2-61002	GAP (APPAREL) LLC	US					
CN*110018800904	GAP (BEIJING) COMMERCIAL CO., LTD.	US					
IT05038340484	GAP (ITALY) - SOCIETA' A RESPONSABILITA' LIMITATA	US	50	317.0	21	-6.0	-6.0
US2-60992	GAP (ITM) INC	US					
US2-61032	GAP (PUERTO RICO) INC	US					
NL33285443	GAP (RHC) B.V.	US		1.0	836		
GB03720778	GAP (UK HOLDINGS) LIMITED	US	465	27.0	431	-14.0	-15.0
GB06279672	GAP EUROPE LIMITED	US	118	27.0	31	4.0	3.0
IE422253	GAP STORES (IRELAND) LIMITED	US	12	100.0	4	0.0	0.0
GB02275771	GPS (GREAT BRITAIN) LIMITED	US	345	3636.0	195	-25.0	-24.0
CA149146309L	GAP CANADA INC	US					
CA149146310L	BANANA REPUBLIC	US					
CA259985231L	GAP CANADA	US					
CA260840702L	GAP CANADA	US					
CA261071699L	GAP CANADA	US					
FR391918158	GAP FRANCE SAS	US	127	844.0	50	-9.0	-10.0
US2-61014	GAP INTERNATIONAL SALES INC	US					
US2-60986	GAP INTERNATIONAL SOURCING (AMERICAS) LLC	US					
US2-60987	GAP INTERNATIONAL SOURCING (CALIFORNIA) INC	US					
HK0000182471	GAP INTERNATIONAL SOURCING (HOLDINGS) LIMITED	US		380.0			
IN0000022728	GAP INTERNATIONAL SOURCING (INDIA) PRIVATE LIMITED	US	18		9	3.0	2.0
US2-60990	GAP INTERNATIONAL SOURCING (JV) LLC	US					
US2-61001	GAP INTERNATIONAL SOURCING (USA) INC	US					
VN0313425233	GAP INTERNATIONAL SOURCING (VIETNAM) LIMITED LIABILITY COMPANY	US	4	46.0	2	0.0	0.0
HK0000267086	GAP INTERNATIONAL SOURCING LIMITED	US		110.0			
MXGIS970627K76	GAP INTERNATIONAL SOURCING MEXICO SA	US					
SG198801549E	GAP INTERNATIONAL SOURCING PTE. LTD.	US	16		11	1.0	1.0
USLEI34595	GAP INTERNATIONAL SOURCING, INC.	US					
HK0000267072	GAP LIMITED	US		150.0			
US*110174845228	GAP SERVICES INC	US					
TW54363555	GAP TAIWAN LIMITED	US					
BM24678R	GPS (BERMUDA) INSURANCE SERVICES LIMITED	US					
US190437963L	GPS CONSUMER DIRECT INC	US		35.0			
US2-60983	GPS CORPORATE FACILITIES INC	US					
MXGIS1503106P6	GPS IMPORT SERVICES SRL	US					
US2-60991	GPS REAL ESTATE INC	US					
US194761236L	GPS SERVICES	US					
US249886202L	GPS STRATEGIC ALLIANCES LLC	US					
US2-61006	GPSDC (NEW YORK) INC	US					
US*1709941540	INTERMIX (ITM) INC	US					
CA*1709941536	INTERMIX CANADA INC	US					
US*110140830835	INTERMIX HOLDCO INC.	US					
JP2011001072620	K.K. YA TSU PU JAPAN	US	<0,5	16.0			
US2-60998	OLD NAVY (APPAREL) LLC	US					
CA2-61004	OLD NAVY (CANADA) INC	US					
US2-60995	OLD NAVY (ITM) INC	US					
JP2-61027	OLD NAVY (JAPAN) YK	US					
US2-61008	OLD NAVY LLC	US					
MXOSM140901RL6	ON STORES MEXICO SRL	US					
JP2-61035	PIPERLIME (JAPAN) GK	US					
US2-61007	WCB TWENTY-EIGHT LTD PARTNERSHIP	US					
