Target	Source	Weight	Total	Type	max
AR30-67815546-9	NIKE INC	100.0	0.0	Directed	50.01
AT9110176544	NIKE INC	0.0	50.01	Directed	50.01
AT9110176544	NL32054966	100.0	100.0	Directed	100.0
AT9111059344	NL34186851	100.0	100.0	Directed	100.0
BM26246R	NIKE INC	100.0	50.01	Directed	50.01
BM27555R	NIKE INC	100.0	50.01	Directed	50.01
BM40095R	NIKE INC	100.0	50.01	Directed	50.01
BM40096R	NIKE INC	100.0	50.01	Directed	50.01
BM40097R	NIKE INC	100.0	50.01	Directed	50.01
BM40098R	NIKE INC	100.0	50.01	Directed	50.01
BM41148R	NIKE INC	100.0	50.01	Directed	50.01
BM41272R	NIKE INC	100.0	50.01	Directed	50.01
BM41362R	NIKE INC	100.0	50.01	Directed	50.01
BM41363R	NIKE INC	100.0	50.01	Directed	50.01
BM8283R	NIKE INC	100.0	50.01	Directed	50.01
BR10548697000193	NIKE INC	100.0	0.0	Directed	50.01
BR15502863000134	NIKE INC	100.0	0.0	Directed	50.01
BR2-95735	NIKE INC	100.0	100.0	Directed	100.0
BR23541259000145	NIKE INC	100.0	0.0	Directed	50.01
BR59546515000134	NIKE INC	100.0	0.0	Directed	50.01
CA132706169L	US128229956L	100.0	0.0	Directed	50.01
CA149102944L	NIKE INC	100.0	0.0	Directed	50.01
CA149198231L	NIKE INC	100.0	0.0	Directed	50.01
CALEI349625	NIKE INC	100.0	0.0	Directed	50.01
CALEI48579	NIKE INC	100.0	0.0	Directed	50.01
CHCHE106089157	NIKE INC	100.0	0.0	Directed	50.01
CL966756705	NIKE INC	100.0	50.01	Directed	50.01
CN2-95741	NIKE INC	100.0	100.0	Directed	100.0
CN2-95742	NIKE INC	100.0	0.0	Directed	50.01
CN2-95743	NIKE INC	100.0	100.0	Directed	100.0
CN2-95744	NIKE INC	100.0	100.0	Directed	100.0
CN2-95745	NIKE INC	100.0	0.0	Directed	50.01
CN2-95748	NIKE INC	100.0	100.0	Directed	100.0
CN2-95749	NIKE INC	100.0	0.0	Directed	50.01
CN9363203275	HK0000201887	100.0	100.0	Directed	100.0
CN9363203275	NIKE INC	0.0	50.01	Directed	50.01
CN9390465226	HK0000201887	100.0	100.0	Directed	100.0
CN9390465226	NIKE INC	0.0	50.01	Directed	50.01
CR3102661863	NIKE INC	100.0	100.0	Directed	100.0
CZ24845736	NIKE INC	20.164509495584856	50.01	Directed	50.01
CZ24845736	NL32057998	79.83549050441515	0.0	Directed	99.0
DE2151727670	NL34186851	100.0	100.0	Directed	100.0
DE6070490738	NIKE INC	0.0	50.01	Directed	50.01
DE6070490738	NL60578874	100.0	100.0	Directed	100.0
DK12530633	NIKE INC	0.0	50.01	Directed	50.01
DK12530633	AT9110176544	100.0	100.0	Directed	100.0
ESB59088054	NIKE INC	0.0	50.01	Directed	50.01
ESB59088054	NL32057998	100.0	100.0	Directed	100.0
ESB62891205	NL32132604	100.0	100.0	Directed	100.0
ESB63209084	NIKE INC	0.0	50.01	Directed	50.01
ESB63209084	NL32057998	100.0	100.0	Directed	100.0
ESB66559899	NL34186851	100.0	100.0	Directed	100.0
FI08355519	NIKE INC	0.0	50.01	Directed	50.01
FI08355519	AT9110176544	100.0	100.0	Directed	100.0
FR2-95758	NIKE INC	100.0	0.0	Directed	50.01
FR320367139	NIKE INC	0.0	50.01	Directed	50.01
FR320367139	NL32132604	100.0	100.0	Directed	100.0
FR527837967	NL32132604	100.0	100.0	Directed	100.0
FR811794940	NIKE INC	0.0	50.01	Directed	50.01
FR811794940	NL34186851	100.0	100.0	Directed	100.0
GB00198168	GB06403083	79.83549050441515	99.0	Directed	99.0
GB00198168	NIKE INC	20.164509495584856	50.01	Directed	50.01
GB01887016	NL32124648	100.0	100.0	Directed	100.0
GB04077874	NIKE INC	100.0	50.01	Directed	50.01
GB06403083	NL32128692	100.0	100.0	Directed	100.0
GB07133557	NL32125793	100.0	100.0	Directed	100.0
GB10584502	NL34186851	100.0	100.0	Directed	100.0
GB10586258	NL32057998	100.0	100.0	Directed	100.0
GB2-95842	NIKE INC	100.0	100.0	Directed	100.0
GB2-95843	NIKE INC	100.0	100.0	Directed	100.0
GB2-95844	NIKE INC	100.0	100.0	Directed	100.0
GB2-95845	NIKE INC	100.0	100.0	Directed	100.0
GB2-95846	NIKE INC	100.0	100.0	Directed	100.0
GB2-95847	NIKE INC	100.0	0.0	Directed	50.01
GB2-95848	NIKE INC	100.0	100.0	Directed	100.0
GB2-95849	NIKE INC	100.0	100.0	Directed	100.0
GB2-95855	NIKE INC	100.0	100.0	Directed	100.0
GB2-95859	NIKE INC	100.0	100.0	Directed	100.0
GB2-95862	NIKE INC	100.0	100.0	Directed	100.0
GB2-95864	NIKE INC	100.0	100.0	Directed	100.0
GR2-95761	NIKE INC	100.0	0.0	Directed	50.01
GR997953829	NIKE INC	20.164509495584856	50.01	Directed	50.01
GR997953829	NL32060874	79.83549050441515	0.0	Directed	99.0
HK0000177333	NIKE INC	100.0	50.01	Directed	50.01
HK0000201771	NIKE INC	100.0	50.01	Directed	50.01
HK0000201849	NIKE INC	100.0	50.01	Directed	50.01
HK0000201868	NIKE INC	100.0	50.01	Directed	50.01
HK0000201873	NIKE INC	100.0	50.01	Directed	50.01
HK0000201887	NIKE INC	100.0	50.01	Directed	50.01
HK0000201904	NIKE INC	100.0	50.01	Directed	50.01
HK2-95766	NIKE INC	100.0	100.0	Directed	100.0
HR89078216952	NIKE INC	100.0	0.0	Directed	50.01
HU23313688	NIKE INC	100.0	0.0	Directed	50.01
ID2-95770	NIKE INC	100.0	0.0	Directed	50.01
IDLEI52731	NIKE INC	100.0	0.0	Directed	50.01
IL53-281-3011	NIKE INC	100.0	0.0	Directed	50.01
IL60-004-8476	IL53-281-3011	100.0	100.0	Directed	100.0
IL60-004-8476	NIKE INC	0.0	50.01	Directed	50.01
IN0000399209	NL32124652	100.0	100.0	Directed	100.0
IN0000399214	NIKE INC	100.0	0.0	Directed	50.01
IT08424900150	NIKE INC	20.164509495584856	50.01	Directed	50.01
IT08424900150	NL32132604	79.83549050441515	0.0	Directed	99.0
IT08612120967	NIKE INC	0.0	50.01	Directed	50.01
IT08612120967	NL32057998	100.0	100.0	Directed	100.0
IT12788071004	NIKE INC	0.0	50.01	Directed	50.01
IT12788071004	NL32057998	100.0	100.0	Directed	100.0
IT13808291002	NIKE INC	0.0	50.01	Directed	50.01
IT13808291002	NL34186851	100.0	100.0	Directed	100.0
IT2-95774	NIKE INC	100.0	100.0	Directed	100.0
JO*110154112744	NIKE INC	100.0	0.0	Directed	50.01
JP1010703002010	NIKE INC	100.0	0.0	Directed	50.01
JP2-95778	NIKE INC	100.0	0.0	Directed	50.01
JP2-95779	NIKE INC	100.0	0.0	Directed	50.01
JP9010701007169	NIKE INC	100.0	0.0	Directed	50.01
KR*110154112735	NIKE INC	100.0	0.0	Directed	50.01
KR1101140096021	NIKE INC	100.0	0.0	Directed	50.01
MXNME920220KL4	NIKE INC	100.0	100.0	Directed	100.0
MXNSM001001PK5	NIKE INC	100.0	0.0	Directed	50.01
MY198708-M	AT9110176544	100.0	100.0	Directed	100.0
MY198708-M	NIKE INC	0.0	50.01	Directed	50.01
NL*110154112769	NIKE INC	100.0	0.0	Directed	50.01
NL2-95788	NIKE INC	100.0	0.0	Directed	50.01
NL32054966	NL51315297	100.0	100.0	Directed	100.0
NL32057998	NL32054966	100.0	100.0	Directed	100.0
NL32060874	NL32057998	100.0	100.0	Directed	100.0
NL32124648	NIKE INC	33.333333333333336	99.0	Directed	99.0
NL32124648	NL32054966	66.66666666666667	0.0	Directed	99.0
NL32124649	NIKE INC	20.164509495584856	50.01	Directed	50.01
NL32124649	NL32124657	79.83549050441515	0.0	Directed	99.0
NL32124650	NL51315297	100.0	100.0	Directed	100.0
NL32124652	NIKE INC	20.164509495584856	50.01	Directed	50.01
NL32124652	NL32054966	79.83549050441515	0.0	Directed	99.0
NL32124653	NL32054966	100.0	100.0	Directed	100.0
NL32124654	NIKE INC	20.164509495584856	50.01	Directed	50.01
NL32124654	NL32054966	79.83549050441515	0.0	Directed	99.0
NL32124656	NIKE INC	20.164509495584856	50.01	Directed	50.01
NL32124656	NL32054966	79.83549050441515	0.0	Directed	99.0
NL32124657	NIKE INC	20.164509495584856	50.01	Directed	50.01
NL32124657	NL32054966	79.83549050441515	0.0	Directed	99.0
NL32125793	NIKE INC	0.0	99.0	Directed	99.0
NL32125793	NL32054966	100.0	100.0	Directed	100.0
NL32128692	NIKE INC	0.0	99.0	Directed	99.0
NL32128692	NL51315297	100.0	100.0	Directed	100.0
NL32132604	NL32054966	100.0	100.0	Directed	100.0
NL32132605	NIKE INC	0.0	50.01	Directed	50.01
NL32132605	NL32057998	100.0	100.0	Directed	100.0
NL32135477	NL32054966	100.0	100.0	Directed	100.0
NL32135478	NL66066700	100.0	100.0	Directed	100.0
NL32135478	NL32057998	0.0	50.01	Directed	50.01
NL32135791	NL51315467	100.0	100.0	Directed	100.0
NL32139662	NL51315467	100.0	100.0	Directed	100.0
NL32143512	NL32125793	100.0	100.0	Directed	100.0
NL32152659	NL51315297	100.0	100.0	Directed	100.0
NL32168356	NIKE INC	100.0	0.0	Directed	50.01
NL34186851	NL32054966	100.0	100.0	Directed	100.0
NL51315297	NIKE INC	100.0	0.0	Directed	50.01
NL51315467	NIKE INC	100.0	0.0	Directed	50.01
NL51429721	NIKE INC	100.0	0.0	Directed	50.01
NL51909723	NIKE INC	100.0	0.0	Directed	50.01
NL56033567	NL60679263	100.0	100.0	Directed	100.0
NL60166649	NIKE INC	100.0	0.0	Directed	50.01
NL60166878	NIKE INC	100.0	0.0	Directed	50.01
NL60578874	NIKE INC	100.0	0.0	Directed	50.01
NL60679263	NIKE INC	100.0	0.0	Directed	50.01
NL63439182	NL34186851	100.0	100.0	Directed	100.0
NL66066700	NL32057998	100.0	100.0	Directed	100.0
NL66363071	NIKE INC	100.0	0.0	Directed	50.01
NL67515789	NL66363071	100.0	100.0	Directed	100.0
NLLEI255549	NIKE INC	100.0	0.0	Directed	50.01
NO996691284	NL32057998	100.0	100.0	Directed	100.0
NZ9429039058393	NIKE INC	0.0	50.01	Directed	50.01
NZ9429039058393	NL32124654	100.0	100.0	Directed	100.0
PA2319LRPP	NIKE INC	100.0	0.0	Directed	50.01
PHA199902790	NIKE INC	100.0	0.0	Directed	50.01
PL014845927	NIKE INC	0.0	50.01	Directed	50.01
PL014845927	NL32124653	100.0	100.0	Directed	100.0
PL015532840	NIKE INC	0.0	50.01	Directed	50.01
PL015532840	NL32060874	100.0	100.0	Directed	100.0
RU2-95820	NIKE INC	100.0	0.0	Directed	50.01
RU2-95821	NIKE INC	100.0	0.0	Directed	50.01
RU59803846	NL32054966	100.0	100.0	Directed	100.0
RU89618454	NL32060874	100.0	0.0	Directed	99.0
SE5565370649	AT9110176544	100.0	100.0	Directed	100.0
SG199002308G	NIKE INC	100.0	0.0	Directed	50.01
SG200907884G	NIKE INC	100.0	0.0	Directed	50.01
SG200908738H	NIKE INC	100.0	0.0	Directed	50.01
SI2-95827	NIKE INC	100.0	0.0	Directed	50.01
SI3868613	NIKE INC	100.0	100.0	Directed	100.0
SK46188738	NIKE INC	22.730784964319806	50.01	Directed	50.01
SK46188738	NL32057998	77.2692150356802	0.0	Directed	85.0
TH0105540077511	NIKE INC	20.00640076809217	50.01	Directed	50.01
TH0105540077511	USLEI31852	79.99359923190782	0.0	Directed	99.98
TR2-95838	NIKE INC	100.0	0.0	Directed	50.01
TR2072369F	NL32060874	100.0	100.0	Directed	100.0
TW23928993	NIKE INC	100.0	0.0	Directed	50.01
TW53762288	NIKE INC	100.0	0.0	Directed	50.01
US*110154112746	NIKE INC	100.0	0.0	Directed	50.01
US*110154112747	NIKE INC	100.0	0.0	Directed	50.01
US*110154112776	NIKE INC	100.0	0.0	Directed	50.01
US123715724L	US128229956L	100.0	0.0	Directed	50.01
US123965903L	US124143000L	100.0	0.0	Directed	50.01
US124061330L	US128229956L	100.0	0.0	Directed	50.01
US124143000L	NIKE INC	100.0	0.0	Directed	50.01
US124168717L	US128229956L	100.0	0.0	Directed	50.01
US124188330L	NIKE INC	100.0	0.0	Directed	50.01
US125603753L	NIKE INC	100.0	0.0	Directed	50.01
US125724575L	US124143000L	100.0	0.0	Directed	50.01
US126473397L	US128229956L	100.0	0.0	Directed	50.01
US126759813L	US124143000L	100.0	0.0	Directed	50.01
US127063711L	US124143000L	100.0	0.0	Directed	50.01
US127478468L	US124143000L	100.0	0.0	Directed	50.01
US127661291L	US128229956L	100.0	0.0	Directed	50.01
US127661293L	US128229956L	100.0	0.0	Directed	50.01
US128059037L	US124143000L	100.0	0.0	Directed	50.01
US128229956L	NIKE INC	100.0	0.0	Directed	50.01
US128299718L	NIKE INC	100.0	0.0	Directed	50.01
US128312504L	US128229956L	100.0	0.0	Directed	50.01
US128411392L	US128229956L	100.0	0.0	Directed	50.01
US129117088L	NIKE INC	100.0	0.0	Directed	50.01
US129156096L	NIKE INC	49.99500049995001	100.0	Directed	100.0
US129156096L	US129117088L	50.00499950005	0.0	Directed	50.01
US129250211L	US128229956L	100.0	0.0	Directed	50.01
US129816303L	US124061330L	100.0	0.0	Directed	50.01
US131025229L	US124143000L	100.0	0.0	Directed	50.01
US131094181L	US124143000L	100.0	0.0	Directed	50.01
US131112346L	US124143000L	100.0	0.0	Directed	50.01
US131112347L	US124143000L	100.0	0.0	Directed	50.01
US131195321L	US124143000L	100.0	0.0	Directed	50.01
US131812319L	US124143000L	100.0	0.0	Directed	50.01
US132301597L	US124143000L	100.0	0.0	Directed	50.01
US132525167L	US124143000L	100.0	0.0	Directed	50.01
US132601654L	US124143000L	100.0	0.0	Directed	50.01
US133142579L	US128229956L	100.0	0.0	Directed	50.01
US133158861L	US124143000L	100.0	0.0	Directed	50.01
US133284839L	US124143000L	100.0	0.0	Directed	50.01
US133310452L	US124143000L	100.0	0.0	Directed	50.01
US142444259L	US128229956L	100.0	0.0	Directed	50.01
US143295615L	US124143000L	100.0	0.0	Directed	50.01
US147509537L	US128229956L	100.0	0.0	Directed	50.01
US147601419L	US128229956L	100.0	0.0	Directed	50.01
US147687810L	US149146413L	100.0	0.0	Directed	50.01
US149146413L	NIKE INC	100.0	0.0	Directed	50.01
US149207942L	US128229956L	66.66666666666667	0.0	Directed	50.01
US149207942L	NIKE INC	33.333333333333336	50.01	Directed	50.01
US149423349L	US124143000L	100.0	0.0	Directed	50.01
US149428509L	US124143000L	100.0	0.0	Directed	50.01
US149435562L	US124143000L	100.0	0.0	Directed	50.01
US149989993L	US128229956L	100.0	0.0	Directed	50.01
US150051453L	US128229956L	100.0	0.0	Directed	50.01
US160987929L	US128299718L	100.0	0.0	Directed	50.01
US161495229L	US128229956L	100.0	0.0	Directed	50.01
US161561877L	NIKE INC	100.0	100.0	Directed	100.0
US163791753L	US124143000L	100.0	0.0	Directed	50.01
US164286564L	US124143000L	100.0	0.0	Directed	50.01
US165417429L	US128229956L	100.0	0.0	Directed	50.01
US165491853L	US124143000L	100.0	0.0	Directed	50.01
US165671946L	US124143000L	100.0	0.0	Directed	50.01
US169445088L	US124143000L	100.0	0.0	Directed	50.01
US170306472L	US128229956L	100.0	0.0	Directed	50.01
US173966808L	US124143000L	100.0	0.0	Directed	50.01
US179128404L	US124143000L	100.0	0.0	Directed	50.01
US179357598L	US124143000L	100.0	0.0	Directed	50.01
US179612274L	US124143000L	100.0	0.0	Directed	50.01
US181391652L	US124143000L	100.0	0.0	Directed	50.01
US181628826L	US124143000L	100.0	0.0	Directed	50.01
US181730442L	US124143000L	100.0	0.0	Directed	50.01
US183698061L	US124143000L	100.0	0.0	Directed	50.01
US184068711L	US124143000L	100.0	0.0	Directed	50.01
US184314639L	US124143000L	100.0	0.0	Directed	50.01
US186340308L	US124143000L	100.0	0.0	Directed	50.01
US188493198L	NIKE INC	100.0	0.0	Directed	50.01
US188849916L	US124143000L	100.0	0.0	Directed	50.01
US192673026L	US128229956L	100.0	0.0	Directed	50.01
US192675861L	US124143000L	100.0	0.0	Directed	50.01
US192769944L	US124143000L	100.0	0.0	Directed	50.01
US194756727L	US128229956L	100.0	0.0	Directed	50.01
US197234115L	US124143000L	100.0	0.0	Directed	50.01
US2-42599	NIKE INC	100.0	100.0	Directed	100.0
US2-42600	NIKE INC	100.0	100.0	Directed	100.0
US2-95763	NIKE INC	100.0	0.0	Directed	50.01
US2-95865	NIKE INC	100.0	0.0	Directed	50.01
US2-95867	NIKE INC	100.0	0.0	Directed	50.01
US2-95869	NIKE INC	100.0	0.0	Directed	50.01
US2-95870	NIKE INC	100.0	0.0	Directed	50.01
US2-95871	NIKE INC	100.0	0.0	Directed	50.01
US2-95872	NIKE INC	100.0	100.0	Directed	100.0
US2-95874	NIKE INC	100.0	0.0	Directed	50.01
US2-95876	NIKE INC	100.0	0.0	Directed	50.01
US2-95878	NIKE INC	100.0	100.0	Directed	100.0
US2-95880	NIKE INC	100.0	0.0	Directed	50.01
US2-95881	NIKE INC	100.0	0.0	Directed	50.01
US2-95882	NIKE INC	100.0	0.0	Directed	50.01
US2-95883	NIKE INC	100.0	0.0	Directed	50.01
US2-95884	NIKE INC	100.0	0.0	Directed	50.01
US2-95886	NIKE INC	100.0	100.0	Directed	100.0
US203636184L	US149146413L	100.0	0.0	Directed	50.01
US231998858L	US149146413L	100.0	0.0	Directed	50.01
US241247102L	US128229956L	100.0	0.0	Directed	50.01
US242334122L	US149146413L	100.0	0.0	Directed	50.01
US256469351L	NIKE INC	100.0	0.0	Directed	50.01
US259036688L	US124143000L	100.0	0.0	Directed	50.01
US267391898L	US128229956L	100.0	0.0	Directed	50.01
US268651028L	NIKE INC	100.0	100.0	Directed	100.0
US289936664L	US128229956L	100.0	0.0	Directed	50.01
USAK-131471	NIKE INC	100.0	100.0	Directed	100.0
USLEI31852	NIKE INC	100.0	0.0	Directed	50.01
VN2-95887	NIKE INC	100.0	0.0	Directed	50.01
ZA199500010507	NIKE INC	100.0	0.0	Directed	50.01
