Target	Source	Weight	Total	Type	max
AR30-70809634-9	RALPH LAUREN CORPORATION	100.0	100.0	Directed	100.0
AT9110357456	FR334028644	100.0	100.0	Directed	100.0
BE0475893282	RALPH LAUREN CORPORATION	100.0	100.0	Directed	100.0
BE0475893282	NL34127182	0.0	50.01	Directed	50.01
BR2-49626	RALPH LAUREN CORPORATION	100.0	100.0	Directed	100.0
CA149110582L	RALPH LAUREN CORPORATION	100.0	0.0	Directed	50.01
CA2-49723	RALPH LAUREN CORPORATION	100.0	100.0	Directed	100.0
CA245260124L	RALPH LAUREN CORPORATION	100.0	0.0	Directed	50.01
CA260319020L	CA149110582L	100.0	0.0	Directed	50.01
CA274828247L	RALPH LAUREN CORPORATION	100.0	0.0	Directed	50.01
CALEI389393	RALPH LAUREN CORPORATION	100.0	100.0	Directed	100.0
CHCHE109810419	NL34127182	100.0	100.0	Directed	100.0
CHCHE109810419	RALPH LAUREN CORPORATION	0.0	50.01	Directed	50.01
CHCHE113718308	RALPH LAUREN CORPORATION	100.0	0.0	Directed	50.0
CHCHE113792670	RALPH LAUREN CORPORATION	100.0	100.0	Directed	100.0
CN2-49891	RALPH LAUREN CORPORATION	100.0	100.0	Directed	100.0
CN2-49892	RALPH LAUREN CORPORATION	100.0	100.0	Directed	100.0
CN2-49893	RALPH LAUREN CORPORATION	100.0	100.0	Directed	100.0
CZ04837584	NL34127182	100.0	100.0	Directed	100.0
DE8170318960	FR342879400	100.0	100.0	Directed	100.0
DK30907299	NL34127182	100.0	100.0	Directed	100.0
ESB81515520	RALPH LAUREN CORPORATION	100.0	100.0	Directed	100.0
FR334028644	FR342879400	100.0	100.0	Directed	100.0
FR334028644	RALPH LAUREN CORPORATION	0.0	100.0	Directed	100.0
FR342879400	FR428936678	100.0	100.0	Directed	100.0
FR342879400	RALPH LAUREN CORPORATION	0.0	100.0	Directed	100.0
FR428936678	RALPH LAUREN CORPORATION	0.0	100.0	Directed	100.0
FR428936678	NL34127182	100.0	100.0	Directed	100.0
FR483710216	RALPH LAUREN CORPORATION	100.0	100.0	Directed	100.0
FR490103157	RALPH LAUREN CORPORATION	100.0	100.0	Directed	100.0
GB01708763	RALPH LAUREN CORPORATION	100.0	99.0	Directed	99.0
GB02959496	GB03901528	100.0	100.0	Directed	100.0
GB03482790	CA245260124L	100.0	100.0	Directed	100.0
GB03901528	NL34127173	100.0	100.0	Directed	100.0
GB03986386	GB03901528	100.0	100.0	Directed	100.0
GB2-53410	RALPH LAUREN CORPORATION	100.0	100.0	Directed	100.0
GR2-51251	RALPH LAUREN CORPORATION	100.0	100.0	Directed	100.0
GR2-51260	RALPH LAUREN CORPORATION	100.0	0.0	Directed	51.0
GR997778680	NL34127182	100.0	0.0	Directed	99.99
HK0000156755	RALPH LAUREN CORPORATION	100.0	100.0	Directed	100.0
HK0000156774	RALPH LAUREN CORPORATION	100.0	100.0	Directed	100.0
HK0000249715	NL34127173	100.0	100.0	Directed	100.0
HK0000249715	RALPH LAUREN CORPORATION	0.0	50.01	Directed	50.01
HK0000282025	HK0000249715	100.0	100.0	Directed	100.0
HK0000282039	RALPH LAUREN CORPORATION	100.0	100.0	Directed	100.0
IE439577	NL34127182	100.0	100.0	Directed	100.0
IN2-51448	RALPH LAUREN CORPORATION	100.0	100.0	Directed	100.0
IT03263610960	NL34127182	100.0	100.0	Directed	100.0
IT03844410963	RALPH LAUREN CORPORATION	100.0	100.0	Directed	100.0
IT05955420962	NL34127182	100.0	100.0	Directed	100.0
IT06228230964	NL34127182	100.0	100.0	Directed	100.0
JP2-51734	RALPH LAUREN CORPORATION	100.0	100.0	Directed	100.0
JP2-51735	RALPH LAUREN CORPORATION	100.0	100.0	Directed	100.0
JP5011001059326	RALPH LAUREN CORPORATION	100.0	100.0	Directed	100.0
KRLEI425951	RALPH LAUREN CORPORATION	100.0	100.0	Directed	100.0
MO2-51870	RALPH LAUREN CORPORATION	100.0	100.0	Directed	100.0
MY855538-M	RALPH LAUREN CORPORATION	0.0	100.0	Directed	100.0
MY855538-M	HK0000282025	100.0	100.0	Directed	100.0
NL34127173	RALPH LAUREN CORPORATION	100.0	99.0	Directed	99.0
NL34127180	NL34127173	100.0	100.0	Directed	100.0
NL34127180	RALPH LAUREN CORPORATION	0.0	50.01	Directed	50.01
NL34127182	NL34127173	100.0	100.0	Directed	100.0
NL34127182	RALPH LAUREN CORPORATION	0.0	99.0	Directed	99.0
NL34272760	US*D00350585	100.0	100.0	Directed	100.0
NL39079208	NL34127182	100.0	100.0	Directed	100.0
NL997670577	RALPH LAUREN CORPORATION	100.0	100.0	Directed	100.0
NZ9429030357846	NL34127182	70.42053587271545	0.0	Directed	59.53
NZ9429030357846	RALPH LAUREN CORPORATION	29.57946412728456	50.01	Directed	50.01
PA2160LRPP	RALPH LAUREN CORPORATION	100.0	100.0	Directed	100.0
PA733624RPP	RALPH LAUREN CORPORATION	100.0	100.0	Directed	100.0
PT509380328	NL34127182	100.0	100.0	Directed	100.0
SE5564318086	NL34127182	100.0	100.0	Directed	100.0
SG200907210G	RALPH LAUREN CORPORATION	100.0	100.0	Directed	100.0
TR2200356F	RALPH LAUREN CORPORATION	0.0	100.0	Directed	100.0
TR2200356F	NL34127182	100.0	100.0	Directed	100.0
TW28984446	RALPH LAUREN CORPORATION	100.0	100.0	Directed	100.0
US*901539747	RALPH LAUREN CORPORATION	100.0	0.0	Directed	50.01
US*901539749	RALPH LAUREN CORPORATION	100.0	0.0	Directed	50.01
US*D00350585	RALPH LAUREN CORPORATION	100.0	0.0	Directed	50.01
US123998756L	US127172897L	100.0	0.0	Directed	50.01
US125820962L	US245260112L	100.0	0.0	Directed	50.01
US125822693L	US245260112L	100.0	0.0	Directed	50.01
US126787154L	RALPH LAUREN CORPORATION	100.0	0.0	Directed	50.01
US126898178L	RALPH LAUREN CORPORATION	100.0	0.0	Directed	50.01
US127018373L	US127172897L	100.0	0.0	Directed	50.01
US127172897L	RALPH LAUREN CORPORATION	100.0	0.0	Directed	50.01
US127204978L	RALPH LAUREN CORPORATION	100.0	0.0	Directed	50.01
US127326196L	US127172897L	100.0	0.0	Directed	50.01
US127562698L	RALPH LAUREN CORPORATION	49.99500049995001	100.0	Directed	100.0
US127562698L	US245260112L	50.00499950005	0.0	Directed	50.01
US127586761L	US245260112L	100.0	0.0	Directed	50.01
US127586762L	US245260112L	100.0	0.0	Directed	50.01
US127586763L	US245260112L	100.0	0.0	Directed	50.01
US127625992L	US245260112L	100.0	0.0	Directed	50.01
US127635833L	RALPH LAUREN CORPORATION	100.0	0.0	Directed	50.01
US129307340L	RALPH LAUREN CORPORATION	100.0	0.0	Directed	50.01
US131358166L	US127172897L	100.0	0.0	Directed	50.01
US132040634L	US127172897L	100.0	0.0	Directed	50.01
US132173806L	US127172897L	100.0	0.0	Directed	50.01
US134479754L	RALPH LAUREN CORPORATION	100.0	100.0	Directed	100.0
US134766807L	US245260112L	100.0	0.0	Directed	50.01
US136215420L	US245260112L	100.0	0.0	Directed	50.01
US137061841L	US127172897L	100.0	0.0	Directed	50.01
US138488187L	US127172897L	100.0	0.0	Directed	50.01
US142597747L	RALPH LAUREN CORPORATION	100.0	0.0	Directed	50.01
US142746499L	US245260112L	100.0	0.0	Directed	50.01
US144510648L	US127172897L	100.0	0.0	Directed	50.01
US145702164L	US245260112L	100.0	0.0	Directed	50.01
US146167688L	US245260112L	100.0	0.0	Directed	50.01
US146300192L	US245260112L	100.0	0.0	Directed	50.01
US146324126L	US127172897L	100.0	0.0	Directed	50.01
US146333262L	US245260112L	100.0	0.0	Directed	50.01
US146466969L	US127635833L	100.0	0.0	Directed	50.01
US149816763L	US127172897L	100.0	0.0	Directed	50.01
US150201591L	US127172897L	100.0	0.0	Directed	50.01
US160217535L	US245260112L	100.0	0.0	Directed	50.01
US161494269L	US245260112L	100.0	0.0	Directed	50.01
US161589300L	US245260112L	100.0	0.0	Directed	50.01
US161820348L	US245260112L	100.0	0.0	Directed	50.01
US164922135L	US245260112L	100.0	0.0	Directed	50.01
US165427929L	US127172897L	100.0	0.0	Directed	50.01
US168130674L	US127172897L	100.0	0.0	Directed	50.01
US179159691L	RALPH LAUREN CORPORATION	100.0	100.0	Directed	100.0
US183465387L	US127172897L	100.0	0.0	Directed	50.01
US183701397L	US127172897L	100.0	0.0	Directed	50.01
US183735612L	US245260112L	100.0	0.0	Directed	50.01
US184499973L	US245260112L	100.0	0.0	Directed	50.01
US185108847L	US127172897L	100.0	0.0	Directed	50.01
US187110189L	US127172897L	100.0	0.0	Directed	50.01
US187113222L	US127172897L	100.0	0.0	Directed	50.01
US196888656L	US245260112L	100.0	0.0	Directed	50.01
US2-53593	RALPH LAUREN CORPORATION	100.0	0.0	Directed	50.01
US2-53606	RALPH LAUREN CORPORATION	100.0	0.0	Directed	50.01
US2-53607	RALPH LAUREN CORPORATION	100.0	100.0	Directed	100.0
US2-53608	RALPH LAUREN CORPORATION	100.0	100.0	Directed	100.0
US2-53609	RALPH LAUREN CORPORATION	100.0	0.0	Directed	50.01
US2-53610	RALPH LAUREN CORPORATION	100.0	100.0	Directed	100.0
US2-53611	RALPH LAUREN CORPORATION	100.0	100.0	Directed	100.0
US2-53612	RALPH LAUREN CORPORATION	100.0	100.0	Directed	100.0
US2-53613	RALPH LAUREN CORPORATION	100.0	100.0	Directed	100.0
US2-53658	RALPH LAUREN CORPORATION	100.0	100.0	Directed	100.0
US2-53659	RALPH LAUREN CORPORATION	100.0	100.0	Directed	100.0
US2-53660	RALPH LAUREN CORPORATION	100.0	100.0	Directed	100.0
US2-53661	RALPH LAUREN CORPORATION	100.0	100.0	Directed	100.0
US2-53662	RALPH LAUREN CORPORATION	100.0	100.0	Directed	100.0
US2-53664	RALPH LAUREN CORPORATION	100.0	100.0	Directed	100.0
US2-53666	RALPH LAUREN CORPORATION	100.0	100.0	Directed	100.0
US2-53667	RALPH LAUREN CORPORATION	100.0	100.0	Directed	100.0
US2-53669	RALPH LAUREN CORPORATION	100.0	100.0	Directed	100.0
US2-53670	RALPH LAUREN CORPORATION	100.0	100.0	Directed	100.0
US2-53671	RALPH LAUREN CORPORATION	100.0	100.0	Directed	100.0
US2-53672	RALPH LAUREN CORPORATION	100.0	100.0	Directed	100.0
US2-53674	RALPH LAUREN CORPORATION	100.0	100.0	Directed	100.0
US2-53676	RALPH LAUREN CORPORATION	100.0	100.0	Directed	100.0
US2-53677	RALPH LAUREN CORPORATION	100.0	100.0	Directed	100.0
US2-53678	RALPH LAUREN CORPORATION	100.0	100.0	Directed	100.0
US2-53679	RALPH LAUREN CORPORATION	100.0	100.0	Directed	100.0
US2-53681	RALPH LAUREN CORPORATION	100.0	0.0	Directed	50.01
US203611917L	US127172897L	100.0	0.0	Directed	50.01
US220696562L	US245260112L	100.0	0.0	Directed	50.01
US222915665L	US245260112L	100.0	0.0	Directed	50.01
US223767578L	US245260112L	100.0	0.0	Directed	50.01
US224200148L	US127172897L	100.0	0.0	Directed	50.01
US237695813L	US245260112L	100.0	0.0	Directed	50.01
US241050746L	US127172897L	100.0	0.0	Directed	50.01
US241144241L	US127172897L	100.0	0.0	Directed	50.01
US241553891L	US127172897L	100.0	0.0	Directed	50.01
US244068761L	US127172897L	100.0	0.0	Directed	50.01
US244622423L	US127172897L	100.0	0.0	Directed	50.01
US245260112L	RALPH LAUREN CORPORATION	100.0	0.0	Directed	50.01
US246043694L	US245260112L	100.0	0.0	Directed	50.01
US249154829L	RALPH LAUREN CORPORATION	100.0	100.0	Directed	100.0
US250284704L	US245260112L	100.0	0.0	Directed	50.01
US259268282L	RALPH LAUREN CORPORATION	100.0	0.0	Directed	50.01
US267663998L	US127172897L	100.0	0.0	Directed	50.01
US295172378L	US245260112L	100.0	0.0	Directed	50.01
