Target	Source	Weight	Total	Type	max
AR2-178089	STARBUCKS CORP	100.0	100.0	Directed	100.0
AT9110335487	NL34192307	100.0	100.0	Directed	100.0
AT9110335487	STARBUCKS CORP	0.0	50.01	Directed	50.01
AU089313057	STARBUCKS CORP	100.0	0.0	Directed	50.01
BG2-178094	STARBUCKS CORP	100.0	100.0	Directed	100.0
BR*190521563957	STARBUCKS CORP	100.0	100.0	Directed	100.0
BR07984267000100	STARBUCKS CORP	100.0	0.0	Directed	50.01
CA*1550083663	US201946316	100.0	99.0	Directed	99.0
CA132686185L	STARBUCKS CORP	100.0	0.0	Directed	50.01
CA133227408L	STARBUCKS CORP	100.0	0.0	Directed	50.01
CA149770369L	STARBUCKS CORP	100.0	0.0	Directed	50.01
CA169346319L	US164183193L	66.66666666666667	0.0	Directed	50.01
CA169346319L	STARBUCKS CORP	33.333333333333336	50.01	Directed	50.01
CA176760951L	STARBUCKS CORP	100.0	0.0	Directed	50.01
CA2-178096	STARBUCKS CORP	100.0	100.0	Directed	100.0
CA203430891L	STARBUCKS CORP	100.0	0.0	Directed	50.01
CA247279433L	US201946316	100.0	0.0	Directed	50.01
CHCHE100839196	US164183193L	100.0	100.0	Directed	100.0
CHCHE100839196	STARBUCKS CORP	0.0	50.01	Directed	50.01
CHCHE109453058	STARBUCKS CORP	100.0	0.0	Directed	50.01
CN*110000105653	STARBUCKS CORP	100.0	0.0	Directed	50.01
CN*110136621511	STARBUCKS CORP	100.0	0.0	Directed	50.01
CN*1550087150	STARBUCKS CORP	100.0	0.0	Directed	50.01
CN2-178101	STARBUCKS CORP	100.0	100.0	Directed	100.0
CN2-178103	STARBUCKS CORP	100.0	0.0	Directed	50.01
CN2-178106	STARBUCKS CORP	100.0	0.0	Directed	50.01
CN2-178109	STARBUCKS CORP	100.0	0.0	Directed	50.01
CN2-178110	STARBUCKS CORP	100.0	0.0	Directed	50.01
CN2-178111	STARBUCKS CORP	100.0	0.0	Directed	50.01
CN2-178112	STARBUCKS CORP	100.0	0.0	Directed	50.01
CN9364513598	STARBUCKS CORP	100.0	0.0	Directed	50.01
CN9364605627	STARBUCKS CORP	100.0	0.0	Directed	50.01
CN9364709866	STARBUCKS CORP	100.0	50.01	Directed	50.01
CN9365145100	STARBUCKS CORP	100.0	100.0	Directed	100.0
CN9367167928	STARBUCKS CORP	100.0	0.0	Directed	50.01
CN9378684472	STARBUCKS CORP	100.0	0.0	Directed	50.01
CN9380261853	STARBUCKS CORP	100.0	0.0	Directed	50.01
CO2-178114	STARBUCKS CORP	100.0	0.0	Directed	50.01
CO9006539381	STARBUCKS CORP	100.0	0.0	Directed	50.01
CR3102349782	STARBUCKS CORP	100.0	0.0	Directed	50.01
CYC141790	STARBUCKS CORP	100.0	100.0	Directed	100.0
CYC189342	STARBUCKS CORP	100.0	0.0	Directed	50.01
CZ28167694	STARBUCKS CORP	100.0	50.01	Directed	50.01
ET0000031985	STARBUCKS CORP	100.0	50.01	Directed	50.01
FR445330103	NL34160291	100.0	100.0	Directed	100.0
FR445330103	STARBUCKS CORP	0.0	50.01	Directed	50.01
GB02659860	STARBUCKS CORP	0.0	50.01	Directed	50.01
GB02659860	GB06300882	100.0	100.0	Directed	100.0
GB02959325	GB03346087	79.83549050441515	99.0	Directed	99.0
GB02959325	STARBUCKS CORP	20.164509495584856	50.01	Directed	50.01
GB02995435	GB03346087	100.0	100.0	Directed	100.0
GB02995435	STARBUCKS CORP	0.0	50.01	Directed	50.01
GB03346087	STARBUCKS CORP	100.0	100.0	Directed	100.0
GB05487830	US164183193L	79.83549050441515	99.0	Directed	99.0
GB05487830	STARBUCKS CORP	20.164509495584856	50.01	Directed	50.01
GB06300882	STARBUCKS CORP	100.0	50.01	Directed	50.01
GB06535112	STARBUCKS CORP	0.0	50.01	Directed	50.01
GB06535112	GB06300882	100.0	100.0	Directed	100.0
GB09084257	GB09332791	100.0	100.0	Directed	100.0
GB09084257	STARBUCKS CORP	0.0	50.01	Directed	50.01
GB09144787	GB09170250	100.0	100.0	Directed	100.0
GB09144787	STARBUCKS CORP	0.0	50.01	Directed	50.01
GB09170250	US164183193L	78.25746706664928	0.0	Directed	90.0
GB09170250	STARBUCKS CORP	21.742532933350724	50.01	Directed	50.01
GB09332791	GB09144787	100.0	100.0	Directed	100.0
GB09332791	STARBUCKS CORP	0.0	50.01	Directed	50.01
GB10209183	GB09144787	100.0	100.0	Directed	100.0
GB10209183	STARBUCKS CORP	0.0	50.01	Directed	50.01
GB10267753	STARBUCKS CORP	100.0	0.0	Directed	50.01
GB10929823	US164183193L	100.0	100.0	Directed	100.0
GBLP011782	STARBUCKS CORP	100.0	100.0	Directed	100.0
HK0002290706	STARBUCKS CORP	100.0	50.01	Directed	50.01
HK0010599847	STARBUCKS CORP	100.0	50.01	Directed	50.01
HK0015713819	STARBUCKS CORP	100.0	50.01	Directed	50.01
HK0015713838	STARBUCKS CORP	100.0	50.01	Directed	50.01
HK0015713876	STARBUCKS CORP	100.0	50.01	Directed	50.01
HK0015821428	STARBUCKS CORP	100.0	50.01	Directed	50.01
HU14126444	STARBUCKS CORP	100.0	50.01	Directed	50.01
IN0008921846	STARBUCKS CORP	100.0	50.01	Directed	50.01
IT09807980967	GB09084257	100.0	100.0	Directed	100.0
JP*110136621517	STARBUCKS CORP	100.0	0.0	Directed	50.01
JP2-178131	STARBUCKS CORP	100.0	100.0	Directed	100.0
JP7011001031943	STARBUCKS CORP	100.0	50.01	Directed	50.01
KR*110164738210	STARBUCKS CORP	100.0	0.0	Directed	50.01
MX*110164738203	STARBUCKS CORP	100.0	0.0	Directed	50.01
NL24338452	STARBUCKS CORP	100.0	0.0	Directed	50.01
NL34160291	GB09084257	100.0	100.0	Directed	100.0
NL34160291	STARBUCKS CORP	0.0	50.01	Directed	50.01
NL34161132	NL34160291	100.0	100.0	Directed	100.0
NL34161132	STARBUCKS CORP	0.0	50.01	Directed	50.01
NL34192307	NL34160291	100.0	100.0	Directed	100.0
NL34192307	STARBUCKS CORP	0.0	50.01	Directed	50.01
NL34259891	STARBUCKS CORP	100.0	100.0	Directed	100.0
NL51295245	NL34160291	100.0	100.0	Directed	100.0
NL51295245	STARBUCKS CORP	0.0	50.01	Directed	50.01
PL020512492	STARBUCKS CORP	100.0	50.01	Directed	50.01
RU99648947	STARBUCKS CORP	0.0	50.01	Directed	50.01
RU99648947	CYC189342	100.0	100.0	Directed	100.0
RW0000162205	STARBUCKS CORP	100.0	50.01	Directed	50.01
SG200613598C	STARBUCKS CORP	100.0	0.0	Directed	50.01
TH0105541008688	STARBUCKS CORP	100.0	0.0	Directed	50.01
TZ0000346298	STARBUCKS CORP	100.0	0.0	Directed	50.01
US*110136621518	STARBUCKS CORP	100.0	0.0	Directed	50.01
US*1550083660	US201946316	100.0	99.0	Directed	99.0
US*1550083661	US201946316	100.0	99.0	Directed	99.0
US*1550083662	US201946316	100.0	99.0	Directed	99.0
US*1550083664	US201946316	100.0	99.0	Directed	99.0
US*1550083665	US201946316	100.0	99.0	Directed	99.0
US120446776L	STARBUCKS CORP	100.0	0.0	Directed	50.01
US123124143L	US131872045L	100.0	0.0	Directed	50.01
US123412301L	US131872045L	100.0	0.0	Directed	50.01
US123477611L	US131872045L	100.0	0.0	Directed	50.01
US123626760L	US131872045L	100.0	0.0	Directed	50.01
US123970191L	STARBUCKS CORP	100.0	0.0	Directed	50.01
US124134116L	STARBUCKS CORP	100.0	0.0	Directed	50.01
US124191592L	STARBUCKS CORP	100.0	0.0	Directed	50.01
US124306738L	US131872045L	100.0	0.0	Directed	50.01
US124306740L	US131872045L	100.0	0.0	Directed	50.01
US124306742L	US131872045L	100.0	0.0	Directed	50.01
US124306744L	US131872045L	100.0	0.0	Directed	50.01
US127783153L	US164183193L	66.66666666666667	0.0	Directed	50.01
US127783153L	STARBUCKS CORP	33.333333333333336	50.01	Directed	50.01
US128500148L	STARBUCKS CORP	100.0	0.0	Directed	50.01
US128517814L	STARBUCKS CORP	100.0	0.0	Directed	50.01
US129081223L	STARBUCKS CORP	100.0	0.0	Directed	50.01
US129753517L	US131872045L	100.0	0.0	Directed	50.01
US129754392L	STARBUCKS CORP	100.0	0.0	Directed	50.01
US129779817L	US131872045L	100.0	0.0	Directed	50.01
US130497877L	STARBUCKS CORP	100.0	0.0	Directed	50.01
US131166148L	US131872045L	100.0	0.0	Directed	50.01
US131872045L	STARBUCKS CORP	100.0	0.0	Directed	50.01
US131933084L	STARBUCKS CORP	100.0	0.0	Directed	50.01
US131968744L	STARBUCKS CORP	100.0	0.0	Directed	50.01
US132103824L	US131872045L	100.0	0.0	Directed	50.01
US132196846L	STARBUCKS CORP	100.0	0.0	Directed	50.01
US133117437L	STARBUCKS CORP	100.0	0.0	Directed	50.01
US133149121L	US131872045L	100.0	0.0	Directed	50.01
US133223059L	US131872045L	100.0	0.0	Directed	50.01
US133427874L	STARBUCKS CORP	100.0	0.0	Directed	50.01
US133434606L	STARBUCKS CORP	100.0	0.0	Directed	50.01
US134011310L	STARBUCKS CORP	100.0	0.0	Directed	50.01
US134262814L	STARBUCKS CORP	100.0	0.0	Directed	50.01
US135745471L	STARBUCKS CORP	100.0	0.0	Directed	50.01
US136423745L	STARBUCKS CORP	100.0	0.0	Directed	50.01
US137208087L	STARBUCKS CORP	100.0	0.0	Directed	50.01
US138740894L	US131872045L	100.0	0.0	Directed	50.01
US139229921L	STARBUCKS CORP	100.0	100.0	Directed	100.0
US139922155L	US201946316	100.0	0.0	Directed	50.01
US140971306L	STARBUCKS CORP	100.0	0.0	Directed	50.01
US141154779L	US131872045L	100.0	0.0	Directed	50.01
US141209296L	STARBUCKS CORP	100.0	0.0	Directed	50.01
US141498682L	STARBUCKS CORP	100.0	0.0	Directed	50.01
US141552474L	US131872045L	100.0	0.0	Directed	50.01
US141882631L	US131872045L	100.0	0.0	Directed	50.01
US142145057L	US131872045L	100.0	0.0	Directed	50.01
US142165673L	US131872045L	100.0	0.0	Directed	50.01
US142170591L	US131933084L	100.0	0.0	Directed	50.01
US142328210L	STARBUCKS CORP	100.0	0.0	Directed	50.01
US142472996L	STARBUCKS CORP	100.0	0.0	Directed	50.01
US142572894L	US131872045L	100.0	0.0	Directed	50.01
US142638865L	STARBUCKS CORP	100.0	0.0	Directed	50.01
US142643546L	STARBUCKS CORP	100.0	0.0	Directed	50.01
US142677696L	US131933084L	100.0	0.0	Directed	50.01
US142704741L	US131933084L	100.0	0.0	Directed	50.01
US142940782L	STARBUCKS CORP	100.0	0.0	Directed	50.01
US142957773L	US131872045L	100.0	0.0	Directed	50.01
US143016884L	US131872045L	100.0	0.0	Directed	50.01
US143118704L	STARBUCKS CORP	100.0	0.0	Directed	50.01
US143303617L	US131872045L	100.0	0.0	Directed	50.01
US143306437L	US131872045L	100.0	0.0	Directed	50.01
US143594927L	US131933084L	100.0	0.0	Directed	50.01
US144015676L	STARBUCKS CORP	100.0	0.0	Directed	50.01
US144125399L	US131933084L	100.0	0.0	Directed	50.01
US144422438L	US131872045L	100.0	0.0	Directed	50.01
US144869998L	US131872045L	100.0	0.0	Directed	50.01
US144898433L	STARBUCKS CORP	100.0	0.0	Directed	50.01
US145195754L	US131872045L	100.0	0.0	Directed	50.01
US145781909L	US131872045L	100.0	0.0	Directed	50.01
US146092381L	US131872045L	100.0	0.0	Directed	50.01
US146189315L	US131933084L	100.0	0.0	Directed	50.01
US146280267L	STARBUCKS CORP	100.0	0.0	Directed	50.01
US146281548L	US131872045L	100.0	0.0	Directed	50.01
US146314654L	US131872045L	100.0	0.0	Directed	50.01
US146332939L	US131872045L	100.0	0.0	Directed	50.01
US146721493L	US131872045L	100.0	0.0	Directed	50.01
US146732295L	US131933084L	100.0	0.0	Directed	50.01
US147071374L	US131872045L	100.0	0.0	Directed	50.01
US147276583L	STARBUCKS CORP	100.0	0.0	Directed	50.01
US147523114L	US131872045L	100.0	0.0	Directed	50.01
US147555265L	STARBUCKS CORP	100.0	0.0	Directed	50.01
US147859416L	US131872045L	100.0	0.0	Directed	50.01
US147879813L	US131933084L	100.0	0.0	Directed	50.01
US148031363L	US131872045L	100.0	0.0	Directed	50.01
US148218310L	US131872045L	100.0	0.0	Directed	50.01
US148269341L	US131933084L	100.0	0.0	Directed	50.01
US148331549L	STARBUCKS CORP	100.0	0.0	Directed	50.01
US148349993L	US131872045L	100.0	0.0	Directed	50.01
US148845930L	STARBUCKS CORP	100.0	0.0	Directed	50.01
US148917853L	US131872045L	100.0	0.0	Directed	50.01
US149045155L	US131933084L	100.0	0.0	Directed	50.01
US149045218L	US131933084L	100.0	0.0	Directed	50.01
US149045227L	US131872045L	100.0	0.0	Directed	50.01
US149171988L	STARBUCKS CORP	100.0	0.0	Directed	50.01
US149361297L	US128500148L	100.0	0.0	Directed	50.01
US149880349L	STARBUCKS CORP	100.0	0.0	Directed	50.01
US149934424L	US131872045L	100.0	0.0	Directed	50.01
US149996604L	US131872045L	100.0	0.0	Directed	50.01
US150259169L	STARBUCKS CORP	100.0	0.0	Directed	50.01
US160424526L	STARBUCKS CORP	100.0	0.0	Directed	50.01
US161988582L	US131872045L	100.0	0.0	Directed	50.01
US163017258L	STARBUCKS CORP	100.0	0.0	Directed	50.01
US164183193L	STARBUCKS CORP	100.0	0.0	Directed	50.01
US164396385L	US131933084L	100.0	0.0	Directed	50.01
US164752827L	STARBUCKS CORP	100.0	0.0	Directed	50.01
US164788107L	STARBUCKS CORP	100.0	0.0	Directed	50.01
US165425109L	STARBUCKS CORP	100.0	0.0	Directed	50.01
US166528836L	STARBUCKS CORP	100.0	0.0	Directed	50.01
US167211705L	STARBUCKS CORP	100.0	0.0	Directed	50.01
US171129513L	US131933084L	100.0	0.0	Directed	50.01
US176744331L	US131872045L	100.0	0.0	Directed	50.01
US176744340L	US131872045L	100.0	0.0	Directed	50.01
US176796891L	STARBUCKS CORP	100.0	0.0	Directed	50.01
US178217178L	US127783153L	100.0	0.0	Directed	50.01
US178941867L	US131872045L	100.0	0.0	Directed	50.01
US180230733L	STARBUCKS CORP	100.0	0.0	Directed	50.01
US183926580L	STARBUCKS CORP	100.0	0.0	Directed	50.01
US191126172L	US131933084L	100.0	0.0	Directed	50.01
US191421957L	STARBUCKS CORP	100.0	0.0	Directed	50.01
US191469822L	US131872045L	100.0	0.0	Directed	50.01
US192562452L	US131872045L	100.0	0.0	Directed	50.01
US193513674L	STARBUCKS CORP	100.0	0.0	Directed	50.01
US197204289L	STARBUCKS CORP	100.0	0.0	Directed	50.01
US2-178159	STARBUCKS CORP	100.0	100.0	Directed	100.0
US2-178161	STARBUCKS CORP	100.0	0.0	Directed	50.01
US2-178165	STARBUCKS CORP	100.0	0.0	Directed	50.01
US2-178166	STARBUCKS CORP	100.0	0.0	Directed	50.01
US2-178167	STARBUCKS CORP	100.0	100.0	Directed	100.0
US2-178169	STARBUCKS CORP	100.0	100.0	Directed	100.0
US2-178171	STARBUCKS CORP	100.0	0.0	Directed	50.01
US2-178174	STARBUCKS CORP	100.0	0.0	Directed	50.01
US2-178175	STARBUCKS CORP	100.0	0.0	Directed	50.01
US2-178176	STARBUCKS CORP	100.0	0.0	Directed	50.01
US201454461L	STARBUCKS CORP	100.0	0.0	Directed	50.01
US201946316	STARBUCKS CORP	100.0	0.0	Directed	50.01
US202019787L	STARBUCKS CORP	100.0	0.0	Directed	50.01
US202475697L	STARBUCKS CORP	100.0	0.0	Directed	50.01
US202531626L	STARBUCKS CORP	100.0	0.0	Directed	50.01
US206847402L	STARBUCKS CORP	100.0	0.0	Directed	50.01
US207510540L	STARBUCKS CORP	100.0	0.0	Directed	50.01
US208038984L	STARBUCKS CORP	100.0	0.0	Directed	50.01
US208183848L	STARBUCKS CORP	100.0	0.0	Directed	50.01
US208277403L	STARBUCKS CORP	100.0	0.0	Directed	50.01
US208300176L	STARBUCKS CORP	100.0	0.0	Directed	50.01
US209424885L	STARBUCKS CORP	100.0	0.0	Directed	50.01
US209815506L	US131872045L	100.0	0.0	Directed	50.01
US220685579L	STARBUCKS CORP	100.0	0.0	Directed	50.01
US220775465L	STARBUCKS CORP	100.0	0.0	Directed	50.01
US221382311L	US131933084L	100.0	0.0	Directed	50.01
US222499625L	STARBUCKS CORP	100.0	0.0	Directed	50.01
US223047710L	US131872045L	100.0	0.0	Directed	50.01
US223659161L	US131872045L	100.0	0.0	Directed	50.01
US223665092L	STARBUCKS CORP	100.0	0.0	Directed	50.01
US228092135L	STARBUCKS CORP	100.0	0.0	Directed	50.01
US230364296L	US131933084L	100.0	0.0	Directed	50.01
US231392477L	STARBUCKS CORP	100.0	100.0	Directed	100.0
US232419833L	STARBUCKS CORP	100.0	0.0	Directed	50.01
US239318393L	STARBUCKS CORP	100.0	0.0	Directed	50.01
US240324464L	STARBUCKS CORP	100.0	0.0	Directed	50.01
US241316423L	US131933084L	100.0	0.0	Directed	50.01
US243332732L	STARBUCKS CORP	100.0	0.0	Directed	50.01
US244203788L	STARBUCKS CORP	100.0	0.0	Directed	50.01
US245262425L	STARBUCKS CORP	100.0	0.0	Directed	50.01
US249483470L	STARBUCKS CORP	100.0	0.0	Directed	50.01
US249483473L	STARBUCKS CORP	100.0	0.0	Directed	50.01
US249840191L	STARBUCKS CORP	100.0	0.0	Directed	50.01
US250471199L	STARBUCKS CORP	100.0	0.0	Directed	50.01
US252782858L	US208183848L	100.0	0.0	Directed	50.01
US254758736L	US131872045L	100.0	0.0	Directed	50.01
US255437171L	STARBUCKS CORP	100.0	0.0	Directed	50.01
US256086185L	STARBUCKS CORP	100.0	0.0	Directed	50.01
US256403084L	US131872045L	100.0	0.0	Directed	50.01
US256589294L	STARBUCKS CORP	100.0	0.0	Directed	50.01
US257514584L	US249840191L	100.0	0.0	Directed	50.01
US257825933L	STARBUCKS CORP	100.0	0.0	Directed	50.01
US257996855L	STARBUCKS CORP	100.0	0.0	Directed	50.01
US258731816L	STARBUCKS CORP	100.0	0.0	Directed	50.01
US259462265L	STARBUCKS CORP	100.0	0.0	Directed	50.01
US263126771L	US131872045L	100.0	0.0	Directed	50.01
US264368594L	US131872045L	100.0	0.0	Directed	50.01
US266749010L	STARBUCKS CORP	100.0	0.0	Directed	50.01
US268493699L	STARBUCKS CORP	100.0	0.0	Directed	50.01
US269737004L	STARBUCKS CORP	100.0	0.0	Directed	50.01
US269778998L	US131872045L	100.0	0.0	Directed	50.01
US270355448L	STARBUCKS CORP	100.0	0.0	Directed	50.01
US270482822L	STARBUCKS CORP	100.0	0.0	Directed	50.01
US271483430L	STARBUCKS CORP	100.0	0.0	Directed	50.01
US276887852L	US131872045L	100.0	0.0	Directed	50.01
US279418418L	US208183848L	100.0	0.0	Directed	50.01
US283372583L	STARBUCKS CORP	100.0	0.0	Directed	50.01
US286724318L	STARBUCKS CORP	100.0	0.0	Directed	50.01
US290012309L	US131872045L	100.0	0.0	Directed	50.01
US295283417L	STARBUCKS CORP	100.0	0.0	Directed	50.01
USLEI36052	STARBUCKS CORP	100.0	0.0	Directed	50.01
