Id	Label	Country	turnover	employees	assets	profit_before_tax	profit_after_tax
GBLP011782	ALKI LIMITED PARTNERSHIP	US					
US2-178159	BAY BREAD LLC (DBA LA BOULANGE)	US					
AR2-178089	CAF	US					
BR*190521563957	CAFES SEREIA DO BRASIL PARTICIPACOES SA	US					
CN9365145100	CHENGDU STARBUCKS COFFEE CO., LTD.	US	54.0		26.0		
CN2-178101	COFFEE HOUSE HOLDINGS INC	US					
BG2-178094	MARINOPOULOS COFFEE COMPANY BULGARIA EOOD	US					
NL34259891	MARINOPOULOS COFFEE SEE B.V.	US		135.0	3.0		
US2-178167	SCI UK I INC	US					
US2-178169	SEATTLE	US					
US231392477L	SOCAL BAKERY LLC	US					
CA2-178096	STARBUCKS COFFEE CANADA INC	US					
GB03346087	STARBUCKS COFFEE HOLDINGS (UK) LIMITED	US			379.0		
GB02995435	TORZ AND MACATONIA LIMITED	US			0.0		
GB02959325	STARBUCKS COFFEE COMPANY (UK) LIMITED	US	492.0	5789.0	174.0	17.0	9.0
JP2-178131	STARBUCKS CPG INTERNATIONAL GK	US					
CYC141790	MARINOPOULOS COFFEE COMPANY CYPRUS LIMITED	US	12.0		10.0	2.0	2.0
US139229921L	TORREFAZIONE ITALIA LLC	US					
US131968744L	COFFEE EQUIPMENT CO	US					
US133427874L	NEW FRENCH BAKERY INC	US					
US245262425L	SCI EUROPE I, INC.	US					
US258731816L	SEATTLE'S BEST COFFEE LLC	US					
US220775465L	STAR BUCKS	US					
US142940782L	STARBUCK S BILLIARDS	US					
US131933084L	STARBUCKS	US					
US241316423L	STAR BUCKS	US					
US143594927L	STARBUCKS 116TH & KEYSTONE	US					
US142170591L	STARBUCKS AT BEAVER CREEK	US					
US144125399L	STARBUCKS B8	US					
US164396385L	STARBUCKS CENTERS DISTRIBUTION	US					
US146732295L	STARBUCKS COFEE CORP	US					
US142704741L	STARBUCKS DECOR	US					
US171129513L	STARBUCKS ENTERPRISES	US					
US191126172L	STARBUCKS FLIGHT OPERATIONS	US					
US221382311L	STARBUCKS FREIGHT	US					
US149045155L	STARBUCKS HOLDING CO	US					
US148269341L	STARBUCKS INC	US					
US146189315L	STARBUCKS ITHACA ON COMMONS	US					
US149045218L	STARBUCKS NEW VENTURE CO	US					
US147879813L	STARBUCKS PLAZA KILLEEN LLC	US					
US142677696L	STARBUCKS TRAINING CENTER	US					
US230364296L	STARBUCKS-DCM/PERRIS CA	US					
US142638865L	STARBUCKS @ BAY TO BAY	US					
US141498682L	STARBUCKS AT PIAZZA S FINE FOODS	US					
US191421957L	STARBUCKS ATLANTA MEDICAL CENTER	US					
US256086185L	STARBUCKS AUGUSTA PLANT	US					
US142472996L	STARBUCKS BILLIARDS INC	US					
US286724318L	STARBUCKS BILLIARDS INC	US					
US137208087L	STARBUCKS CAFE	US					
US244203788L	STARBUCKS CDC KENT	US					
US193513674L	STARBUCKS CLOVER PLANT	US					
US147276583L	STARBUCKS CO	US					
US202475697L	STARBUCKS COFFEE # 13943 A	US					
US255437171L	STARBUCKS COFFEE 243 EVANSTON	US					
CA132686185L	STARBUCKS COFFEE CANADA INC	US					
CA133227408L	STARBUCKS COFFEE CANADA INC	US					
US164183193L	STARBUCKS COFFEE INTERNATIONAL INC	US					
GB10929823	HOLDING COMPANY INTERNATIONAL LIMITED	US					
CHCHE100839196	STARBUCKS COFFEE SWITZERLAND AG	US		160.0			
GB05487830	STARBUCKS CARD EUROPE LIMITED	US	0.0		3.0	0.0	0.0
GB09170250	STARBUCKS INTERNATIONAL (HOLDINGS) LTD	US	1.0		2838.0	0.0	0.0
GB09144787	STARBUCKS EMEA HOLDINGS LTD	US			3807.0	1746.0	1743.0
GB10209183	PRINCI GLOBAL LIMITED	US					
GB09332791	STARBUCKS EMEA INVESTMENT LTD	US			2350.0	1.0	-15.0
GB09084257	STARBUCKS EMEA LTD	US	216.0	133.0	2771.0	218.0	215.0
NL34160291	STARBUCKS COFFEE EMEA B.V.	US	29.0	147.0	337.0	67.0	66.0
FR445330103	STARBUCKS COFFEE FRANCE	US	106.0	1206.0	73.0	1.0	1.0
NL51295245	STARBUCKS COFFEE NETHERLANDS B.V.	US	14.0	130.0	9.0	1.0	1.0
NL34161132	STARBUCKS MANUFACTURING EMEA B.V.	US	534.0	113.0	214.0	2.0	1.0
NL34192307	STARBUCKS SWITZERLAND AUSTRIA HOLDINGS B.V.	US	118.0	807.0	70.0	10.0	8.0
AT9110335487	STARBUCKS COFFEE AUSTRIA GMBH	US		185.0	10.0		
IT09807980967	STARBUCKS ITALY S.R.L.	US					
US127783153L	SBI NEVADA INC	US					
US178217178L	SBI INC	US					
CA169346319L	STARBUCKS COFFEE CANADA INC	US					
US270355448L	STARBUCKS COFFEE POULSBO	US					
US208038984L	STARBUCKS COFFEE PUERTO RICO LLC	US					
US201454461L	STARBUCKS COFFEE SHOP	US					
US270482822L	STARBUCKS COFFEE SHOP	US					
US197204289L	STARBUCKS COFFEE TEMPLE UNIVERSITY	US					
US128517814L	STARBUCKS CORP	US					
US129081223L	STARBUCKS CORP	US					
US130497877L	STARBUCKS CORP	US					
US124134116L	STARBUCKS CORP	US					
US120446776L	STARBUCKS CORP	US					
US144898433L	STARBUCKS CORP BLOOMINGTON	US					
US129754392L	STARBUCKS CORP OHL STARBUCKS	US					
US141209296L	STARBUCKS CORP SO9866	US					
US164752827L	STARBUCKS CORPORATIONS	US					
US147555265L	STARBUCKS CREEKWALK VILLAGE	US					
US135745471L	STARBUCKS CUSTOM & COLLISION C	US					
US176796891L	STARBUCKS DEPAUL INDUSTRIES	US					
US223665092L	STARBUCKS DIST	US					
US146280267L	STARBUCKS DISTRICT TRAINING CENTER	US					
US143118704L	STARBUCKS DRIVE IN	US					
US165425109L	STARBUCKS EAST BOSTON	US					
US228092135L	STARBUCKS FREIGHT PYMT	US					
US133117437L	STARBUCKS HARVARD SQUARE	US					
US206847402L	STARBUCKS HOTEL INDIGO	US					
US243332732L	STARBUCKS HOUSTON REGIONAL OFC	US					
US142328210L	STARBUCKS HOVER TRADE	US					
US256589294L	STARBUCKS HPA	US					
US208277403L	STARBUCKS INC	US					
US271483430L	STARBUCKS JEFFERSON TOWER	US					
US149880349L	STARBUCKS JOBSITE	US					
US207510540L	STARBUCKS JONES & BADURA	US					
US132196846L	STARBUCKS KENT	US					
US208300176L	STARBUCKS LANDSCAPING	US					
US144015676L	STARBUCKS LAWN SERVICE	US					
US160424526L	STARBUCKS MCDS-W	US					
US257996855L	STARBUCKS NASHVILLE DIST	US					
US232419833L	STARBUCKS NORTH AMERICA	US					
US202019787L	STARBUCKS NSB BANGOR SDX	US					
US142643546L	STARBUCKS PBIA	US					
US134262814L	STARBUCKS PEACHTREE BATTLE	US					
US167211705L	STARBUCKS PROPERTY	US					
CA203430891L	STARBUCKS RAMADA PRINCE GEORGE	US					
US295283417L	STARBUCKS RESERVE ROASTERY TAS	US					
US259462265L	STARBUCKS RESERVE ROASTERY TAS	US					
US257825933L	STARBUCKS ROASTING PLANT	US					
US148331549L	STARBUCKS S10622	US					
US209424885L	STARBUCKS SCAPES	US					
US183926580L	STARBUCKS SCAPES	US					
US164788107L	STARBUCKS SERVICE CORP	US					
US166528836L	STARBUCKS SOTRE	US					
US250471199L	STARBUCKS STARBUCKS	US					
US220685579L	STARBUCKS STATE TO STATE	US					
US222499625L	STARBUCKS STD-L2-M	US					
US140971306L	STARBUCKS STORE NUMBER	US					
US269737004L	STARBUCKS SUITE	US					
CA149770369L	STARBUCKS SUNRIDGE MALL	US					
US239318393L	STARBUCKS SUPPORT CENTER	US					
US163017258L	STARBUCKS TOWING	US					
CA176760951L	STARBUCKS TUXEDO PARK SHOPPING	US					
US134011310L	STARBUCKS UNIVERSITY VILLAGE	US					
US124191592L	STARBUCKS USA	US					
US202531626L	STARBUCKS VANDERBILT	US					
US180230733L	STARBUCKS WEBB CENTER	US					
US240324464L	STARBUCKS- MOODY- SUB ACCOUNT	US					
US249483470L	STARBUCKS/ICS	US					
US249483473L	STARBUCKS/VAN	US					
US128500148L	TAZO TEA CO	US					
US149361297L	TAZO TEAS	US					
US201946316	TEAVANA HOLDINGS, INC.	US	168.0	2652.0	96.0	30.0	18.0
US*1550083661	ST ACQUISITION COMPANY	US					
CA*1550083663	TEAVANA CANADA, INC.	US					
US*1550083660	TEAVANA CORPORATION	US					
US*1550083664	TEAVANA FRANCHISING CORP.	US					
US*1550083665	TEAVANA GIFT COMPANY	US					
US*1550083662	TEAVANA INTERNATIONAL, INC.	US					
CA247279433L	TEAVANA CANADA, INC.	US					
US139922155L	TEAVANA CORP	US					
US150259169L	URBAN COFFEE CORP	US					
US136423745L	URBAN COFFEE LLC	US					
US149171988L	URBAN COFFEE OPPORTUNITIES LLC	US					
PL020512492	AMREST COFFEE SP. Z O.O.	US	21.0		19.0	-1.0	-1.0
CZ28167694	AMREST COFFEE, S.R.O.	US	12.0	225.0	10.0	0.0	0.0
HU14126444	AMREST KÁVÉZÓ KFT.	US	9.0	119.0	5.0	0.0	0.0
US123970191L	BAY BREAD LLC	US					
CN9380261853	BEIJING STARBUCKS COFFEE CO., LTD.	US	306.0	2459.0	192.0	54.0	39.0
US266749010L	CHH CAFE LLC	US					
US268493699L	CHH HOLDINGS OF TEXAS LLC	US					
HK0010599847	COFFEE CONCEPTS (SOUTHERN CHINA) LIMITED	US					
US283372583L	COFFEE HOUSE HOLDINGS INC	US					
GB10267753	CONIFER VENTURES LIMITED	US					
CO2-178114	CORPORACION STARBUCKS FARMER SUPPORT CENTER COLUMBIA	US					
NL24338452	EMERALD CITY C.V.	US					
US208183848L	EVOLUTION FRESH INC	US	38.0	75.0			
US252782858L	EVOLUTION FRESH	US					
US279418418L	EVOLUTION FRESH	US					
MX*110164738203	FARMER SUPPORT CENTER, ASOCIACION CIVIL	US					
CN9378684472	GUANGDONG STARBUCKS COFFEE CO., LTD.	US	198.0		80.0	40.0	29.0
HK0002290706	HIGH GROWN INVESTMENT GROUP (HONG KONG) LIMITED	US					
CN2-178103	HUBEI STARBUCKS COFFEE COMPANY LTD	US					
RU99648947	KOFFEE SIRENA LIMITED LIABILITY COMPANY	US	79.0	374.0	31.0	7.0	3.0
US249840191L	NEW FRENCH BAKERY INC	US	8.0	35.0			
US257514584L	THE NEW FRENCH BAKERY	US					
US2-178161	NORTH AMERICAN COFFEE PARTNERSHIP	US					
USLEI36052	OLYMPIC CASUALTY INSURANCE COMPANY	US					
CN9364513598	PRESIDENT STARBUCKS COFFEE SHANGHAI CO., LTD.	US	830.0	11520.0	378.0	156.0	124.0
GB06535112	PRINCI LONDON LIMITED	US	6.0	90.0	5.0	-1.0	-1.0
GB02659860	PRINCI PROPERTIES LIMITED	US			1.0		
GB06300882	PRINCI UK LIMITED	US			11.0	0.0	0.0
CN2-178106	QINGDAO AMERICAN STARBUCKS COFFEE COMPANY LTD	US					
US2-178165	SCI EUROPE II INC	US					
US2-178166	SCI INVESTMENT INC	US					
CO9006539381	SEASTAR COLOMBIA SUPPLY COMPANY S A S	US			0.0		
US131872045L	SEATTLE COFFEE CO	US					
US146721493L	S TARBUCKS COFFEE CO	US					
US138740894L	SEATTLE COFFEE	US					
US129779817L	SEATTLE COFFEE	US					
US149934424L	STARBUCK COFFEE	US					
US192562452L	STARBUCK COFFEE CO	US					
US142572894L	STARBUCK S COFFEE	US					
US149996604L	STARBUCKS COFEE	US					
US264368594L	STARBUCKS COFFE	US					
US254758736L	STARBUCKS COFFE CO	US					
US209815506L	STARBUCKS COFFE CO	US					
US131166148L	STARBUCKS COFFE CO	US					
US133149121L	STARBUCKS COFFEE & TEA	US					
US147859416L	STARBUCKS COFFEE BAYBROOK II	US					
US146092381L	STARBUCKS COFFEE BRONXVILLE	US					
US144869998L	STARBUCKS COFFEE CALHOUN SQUARE MIN	US					
US141552474L	STARBUCKS COFFEE CO CORP	US					
US142145057L	STARBUCKS COFFEE CO CORP	US					
US146314654L	STARBUCKS COFFEE CO ESPRE	US					
US146281548L	STARBUCKS COFFEE CO ESPRESSO	US					
US146332939L	STARBUCKS COFFEE CO ESPRESSO	US					
US148031363L	STARBUCKS COFFEE CO HUMBLEWOOD	US					
US132103824L	STARBUCKS COFFEE CO KENT SITE	US					
US276887852L	STARBUCKS COFFEE CO S	US					
US148349993L	STARBUCKS COFFEE CO T A	US					
US144422438L	STARBUCKS COFFEE CO TA	US					
US145195754L	STARBUCKS COFFEE CO UCO	US					
US176744340L	STARBUCKS COFFEE COLLECT	US					
US142957773L	STARBUCKS COFFEE COMPAMY	US					
US142165673L	STARBUCKS COFFEE DENVER AREA APPLEW	US					
US133223059L	STARBUCKS COFFEE DISTRIBUTION	US					
US123124143L	STARBUCKS COFFEE H	US					
US269778998L	STARBUCKS COFFEE HINSDALE	US					
US149045227L	STARBUCKS COFFEE INTERNATIONAL INC	US					
US161988582L	STARBUCKS COFFEE INTERNATIONAL INC	US					
US143303617L	STARBUCKS COFFEE KAHALA MALL	US					
US123626760L	STARBUCKS COFFEE LA	US					
US123412301L	STARBUCKS COFFEE LE	US					
US143016884L	STARBUCKS COFFEE MARKET PLACE	US					
US223659161L	STARBUCKS COFFEE ML	US					
US223047710L	STARBUCKS COFFEE ML	US					
US148218310L	STARBUCKS COFFEE NORTH WOOD	US					
US143306437L	STARBUCKS COFFEE PARTNERS HAWAII	US					
US176744331L	STARBUCKS COFFEE PREPAID	US					
US147523114L	STARBUCKS COFFEE QUORUM ONE	US					
US178941867L	STARBUCKS COFFEE QUORUM TRAINI	US					
US124306740L	STARBUCKS COFFEE S	US					
US124306738L	STARBUCKS COFFEE S	US					
US290012309L	STARBUCKS COFFEE SEQUENCE	US					
US124306742L	STARBUCKS COFFEE SLO	US					
US147071374L	STARBUCKS COFFEE STORE	US					
US191469822L	STARBUCKS COFFEE STORE	US					
US145781909L	STARBUCKS COFFEE SUMMER HILL PLAZA	US					
US124306744L	STARBUCKS COFFEE SV	US					
US148917853L	STARBUCKS COFFEE WANDERMERE	US					
US141154779L	STARBUCKS COFFEE WESTWOOD	US					
US141882631L	STARBUCKS CORP	US					
US129753517L	STARBUCKS CORP	US					
US256403084L	STARBUCKS CORP	US					
US263126771L	STARBUCKS CORP	US					
US123477611L	STARBUCKSCOFFEE	US					
CYC189342	SHAYA COFFEE LIMITED	US					
CN9364709866	STARBUCKS (CHINA) COMPANY LIMITED	US	43.0	65.0	93.0	-16.0	-16.0
CN9367167928	STARBUCKS (SHANGHAI) COFFEE CO., LTD.	US					
CN*110136621511	STARBUCKS (SHANGHAI) TRADE COMPANY LIMITED	US					
CN*110000105653	STARBUCKS AINI COFFEE (YUNNAN) COMPANY LIMITED	US					
HK0015713876	STARBUCKS ASIA PACIFIC INVESTMENT HOLDING II LIMITED	US					
HK0015713838	STARBUCKS ASIA PACIFIC INVESTMENT HOLDING III LIMITED	US					
HK0015821428	STARBUCKS ASIA PACIFIC INVESTMENT HOLDING LIMITED	US					
BR07984267000100	STARBUCKS BRASIL COMERCIO DE CAFES LTDA.	US	1.0	1001.0			
US2-178171	STARBUCKS CAPITAL ASSET LEASING COMPANY LLC	US					
CN2-178109	STARBUCKS COFFEE (DALIAN) COMPANY LTD	US					
CN2-178110	STARBUCKS COFFEE (LIAONING) COMPANY LTD	US					
CN2-178111	STARBUCKS COFFEE (SHENZHEN) LTD	US					
TH0105541008688	STARBUCKS COFFEE (THAILAND) CO LTD	US	174.0		150.0	29.0	24.0
CR3102349782	STARBUCKS COFFEE AGRONOMY COMPANY SOCIEDAD DE RESPONSABILIDAD LIMITADA	US					
HK0015713819	STARBUCKS COFFEE ASIA PACIFIC LIMITED	US					
AU089313057	STARBUCKS COFFEE COMPANY (AUSTRALIA) PTY LTD	US	36.0	500.0	5.0	10.0	10.0
CN2-178112	STARBUCKS COFFEE DEVELOPMENT (YUNAN) COMPANY LTD	US					
JP7011001031943	STARBUCKS COFFEE JAPAN,LTD.	US	1589.0	3400.0	735.0	129.0	76.0
KR*110164738210	STARBUCKS COFFEE KOREA CO., LTD.	US					
US133434606L	STARBUCKS COFFEE PUERTO RICO LL	US					
CHCHE109453058	STARBUCKS COFFEE TRADING COMPANY SÀRL	US		15.0			
ET0000031985	STARBUCKS FARMER SUPPORT CENTER ETHIOPIA PLC	US					
RW0000162205	STARBUCKS FARMER SUPPORT CENTER RWANDA LTD	US					
TZ0000346298	STARBUCKS FARMER SUPPORT CENTER TANZANIA LIMITED	US					
US2-178174	STARBUCKS HOLDING COMPANY	US					
US2-178175	STARBUCKS MANUFACTURING CORPORATION	US					
US2-178176	STARBUCKS NEW VENTURE COMPANY	US					
SG200613598C	STARBUCKS SINGAPORE INVESTMENT PTE. LTD.	US					
JP*110136621517	STARBUCKS TRADING, G.K.	US					
IN0008921846	TATA STARBUCKS PRIVATE LIMITED	US	42.0		37.0	-5.0	-5.0
US*110136621518	TEAVANA PUERTO RICO, LLC	US					
US148845930L	TORREFAZIONE ITALIA	US					
CN9364605627	XINGYUAN (SHANGHAI) SUPPLY CHAIN CO., LTD.	US	80.0		26.0		
CN*1550087150	XI’AN STARBUCKS COFFEE COMPANY LIMITED	US					
